time,windspeed_10m,shortwave_radiation
2025-09-13 00:00:00,8.0,0.0
2025-09-13 01:00:00,7.7,0.0
2025-09-13 02:00:00,8.0,0.0
2025-09-13 03:00:00,8.5,0.0
2025-09-13 04:00:00,9.1,0.0
2025-09-13 05:00:00,9.1,2.0
2025-09-13 06:00:00,8.9,49.0
2025-09-13 07:00:00,8.0,114.0
2025-09-13 08:00:00,8.9,296.0
2025-09-13 09:00:00,9.0,486.0
2025-09-13 10:00:00,9.3,451.0
2025-09-13 11:00:00,13.8,622.0
2025-09-13 12:00:00,16.0,587.0
2025-09-13 13:00:00,14.8,572.0
2025-09-13 14:00:00,14.9,387.0
2025-09-13 15:00:00,11.1,233.0
2025-09-13 16:00:00,14.5,104.0
2025-09-13 17:00:00,4.9,67.0
2025-09-13 18:00:00,3.7,4.0
2025-09-13 19:00:00,4.8,0.0
2025-09-13 20:00:00,6.5,0.0
2025-09-13 21:00:00,9.1,0.0
2025-09-13 22:00:00,10.0,0.0
2025-09-13 23:00:00,9.9,0.0
2025-09-14 00:00:00,8.7,0.0
2025-09-14 01:00:00,10.3,0.0
2025-09-14 02:00:00,9.5,0.0
2025-09-14 03:00:00,10.1,0.0
2025-09-14 04:00:00,8.8,0.0
2025-09-14 05:00:00,9.3,1.0
2025-09-14 06:00:00,10.6,40.0
2025-09-14 07:00:00,11.2,70.0
2025-09-14 08:00:00,8.9,102.0
2025-09-14 09:00:00,12.2,210.0
2025-09-14 10:00:00,10.6,215.0
2025-09-14 11:00:00,10.9,301.0
2025-09-14 12:00:00,11.6,471.0
2025-09-14 13:00:00,13.4,522.0
2025-09-14 14:00:00,12.4,459.0
2025-09-14 15:00:00,12.4,363.0
2025-09-14 16:00:00,9.5,220.0
2025-09-14 17:00:00,6.0,74.0
2025-09-14 18:00:00,5.4,3.0
2025-09-14 19:00:00,4.8,0.0
2025-09-14 20:00:00,4.8,0.0
2025-09-14 21:00:00,6.8,0.0
2025-09-14 22:00:00,7.9,0.0
2025-09-14 23:00:00,8.7,0.0
2025-09-15 00:00:00,9.2,0.0
2025-09-15 01:00:00,11.0,0.0
2025-09-15 02:00:00,11.8,0.0
2025-09-15 03:00:00,14.2,0.0
2025-09-15 04:00:00,14.2,0.0
2025-09-15 05:00:00,15.6,0.0
2025-09-15 06:00:00,16.4,46.0
2025-09-15 07:00:00,14.2,117.0
2025-09-15 08:00:00,14.6,221.0
2025-09-15 09:00:00,14.8,306.0
2025-09-15 10:00:00,17.9,295.0
2025-09-15 11:00:00,16.2,465.0
2025-09-15 12:00:00,19.0,394.0
2025-09-15 13:00:00,17.3,319.0
2025-09-15 14:00:00,16.5,197.0
2025-09-15 15:00:00,14.3,293.0
2025-09-15 16:00:00,10.3,193.0
2025-09-15 17:00:00,7.5,72.0
2025-09-15 18:00:00,7.2,2.0
2025-09-15 19:00:00,9.5,0.0
2025-09-15 20:00:00,10.0,0.0
2025-09-15 21:00:00,10.1,0.0
2025-09-15 22:00:00,12.2,0.0
2025-09-15 23:00:00,17.0,0.0
2025-09-16 00:00:00,18.5,0.0
2025-09-16 01:00:00,18.8,0.0
2025-09-16 02:00:00,19.6,0.0
2025-09-16 03:00:00,19.3,0.0
2025-09-16 04:00:00,19.9,0.0
2025-09-16 05:00:00,19.3,1.0
2025-09-16 06:00:00,20.4,59.0
2025-09-16 07:00:00,22.2,112.0
2025-09-16 08:00:00,21.9,142.0
2025-09-16 09:00:00,27.6,235.0
2025-09-16 10:00:00,27.3,325.0
2025-09-16 11:00:00,28.9,438.0
2025-09-16 12:00:00,26.4,483.0
2025-09-16 13:00:00,23.6,462.0
2025-09-16 14:00:00,22.5,335.0
2025-09-16 15:00:00,19.3,286.0
2025-09-16 16:00:00,18.6,197.0
2025-09-16 17:00:00,17.3,67.0
2025-09-16 18:00:00,15.6,2.0
2025-09-16 19:00:00,17.6,0.0
2025-09-16 20:00:00,19.7,0.0
2025-09-16 21:00:00,18.4,0.0
2025-09-16 22:00:00,16.8,0.0
2025-09-16 23:00:00,15.5,0.0
2025-09-17 00:00:00,17.3,0.0
2025-09-17 01:00:00,17.2,0.0
2025-09-17 02:00:00,17.9,0.0
2025-09-17 03:00:00,15.6,0.0
2025-09-17 04:00:00,14.5,0.0
2025-09-17 05:00:00,14.9,1.0
2025-09-17 06:00:00,15.8,58.0
2025-09-17 07:00:00,20.8,112.0
2025-09-17 08:00:00,22.2,185.0
2025-09-17 09:00:00,18.2,270.0
2025-09-17 10:00:00,18.1,407.0
2025-09-17 11:00:00,19.1,468.0
2025-09-17 12:00:00,20.0,552.0
2025-09-17 13:00:00,18.7,366.0
2025-09-17 14:00:00,18.4,387.0
2025-09-17 15:00:00,18.7,313.0
2025-09-17 16:00:00,15.7,186.0
2025-09-17 17:00:00,13.2,58.0
2025-09-17 18:00:00,10.7,1.0
2025-09-17 19:00:00,9.5,0.0
2025-09-17 20:00:00,9.9,0.0
2025-09-17 21:00:00,9.6,0.0
2025-09-17 22:00:00,9.7,0.0
2025-09-17 23:00:00,10.1,0.0
2025-09-18 00:00:00,12.6,0.0
2025-09-18 01:00:00,13.2,0.0
2025-09-18 02:00:00,12.9,0.0
2025-09-18 03:00:00,12.4,0.0
2025-09-18 04:00:00,13.2,0.0
2025-09-18 05:00:00,12.7,0.0
2025-09-18 06:00:00,13.1,9.0
2025-09-18 07:00:00,13.9,44.0
2025-09-18 08:00:00,11.5,106.0
2025-09-18 09:00:00,12.5,185.0
2025-09-18 10:00:00,21.4,260.0
2025-09-18 11:00:00,18.5,187.0
2025-09-18 12:00:00,19.0,232.0
2025-09-18 13:00:00,18.2,237.0
2025-09-18 14:00:00,12.4,98.0
2025-09-18 15:00:00,14.2,87.0
2025-09-18 16:00:00,13.2,65.0
2025-09-18 17:00:00,15.3,17.0
2025-09-18 18:00:00,14.8,0.0
2025-09-18 19:00:00,14.3,0.0
2025-09-18 20:00:00,13.7,0.0
2025-09-18 21:00:00,14.5,0.0
2025-09-18 22:00:00,14.8,0.0
2025-09-18 23:00:00,15.2,0.0
2025-09-19 00:00:00,15.5,0.0
2025-09-19 01:00:00,14.1,0.0
2025-09-19 02:00:00,11.9,0.0
2025-09-19 03:00:00,10.2,0.0
2025-09-19 04:00:00,10.2,0.0
2025-09-19 05:00:00,10.7,0.0
2025-09-19 06:00:00,11.0,55.0
2025-09-19 07:00:00,11.4,175.0
2025-09-19 08:00:00,13.7,315.0
2025-09-19 09:00:00,14.8,421.0
2025-09-19 10:00:00,15.0,378.0
2025-09-19 11:00:00,13.4,266.0
2025-09-19 12:00:00,12.8,425.0
2025-09-19 13:00:00,6.5,511.0
2025-09-19 14:00:00,4.8,452.0
2025-09-19 15:00:00,5.1,329.0
2025-09-19 16:00:00,4.5,189.0
2025-09-19 17:00:00,6.4,57.0
2025-09-19 18:00:00,7.9,0.0
2025-09-19 19:00:00,7.9,0.0
2025-09-19 20:00:00,8.9,0.0
2025-09-19 21:00:00,9.5,0.0
2025-09-19 22:00:00,9.2,0.0
2025-09-19 23:00:00,10.6,0.0
2025-09-20 00:00:00,11.2,0.0
2025-09-20 01:00:00,11.3,0.0
2025-09-20 02:00:00,11.9,0.0
2025-09-20 03:00:00,12.3,0.0
2025-09-20 04:00:00,12.2,0.0
2025-09-20 05:00:00,11.7,0.0
2025-09-20 06:00:00,11.2,58.0
2025-09-20 07:00:00,11.0,196.0
2025-09-20 08:00:00,8.7,326.0
2025-09-20 09:00:00,7.9,415.0
2025-09-20 10:00:00,7.9,471.0
2025-09-20 11:00:00,7.7,508.0
2025-09-20 12:00:00,8.9,593.0
2025-09-20 13:00:00,9.0,538.0
2025-09-20 14:00:00,10.3,452.0
2025-09-20 15:00:00,9.8,335.0
2025-09-20 16:00:00,10.1,190.0
2025-09-20 17:00:00,9.4,55.0
2025-09-20 18:00:00,10.3,0.0
2025-09-20 19:00:00,11.1,0.0
2025-09-20 20:00:00,11.6,0.0
2025-09-20 21:00:00,10.9,0.0
2025-09-20 22:00:00,11.8,0.0
2025-09-20 23:00:00,11.3,0.0
2025-09-21 00:00:00,10.6,0.0
2025-09-21 01:00:00,7.6,0.0
2025-09-21 02:00:00,5.9,0.0
2025-09-21 03:00:00,3.7,0.0
2025-09-21 04:00:00,8.3,0.0
2025-09-21 05:00:00,9.8,0.0
2025-09-21 06:00:00,10.6,51.0
2025-09-21 07:00:00,11.6,179.0
2025-09-21 08:00:00,8.0,317.0
2025-09-21 09:00:00,8.5,343.0
2025-09-21 10:00:00,11.4,510.0
2025-09-21 11:00:00,12.1,422.0
2025-09-21 12:00:00,10.7,511.0
2025-09-21 13:00:00,15.0,416.0
2025-09-21 14:00:00,16.2,250.0
2025-09-21 15:00:00,14.6,146.0
2025-09-21 16:00:00,17.1,149.0
2025-09-21 17:00:00,19.7,37.0
2025-09-21 18:00:00,16.2,0.0
2025-09-21 19:00:00,15.5,0.0
2025-09-21 20:00:00,13.8,0.0
2025-09-21 21:00:00,14.5,0.0
2025-09-21 22:00:00,13.6,0.0
2025-09-21 23:00:00,12.8,0.0
2025-09-22 00:00:00,11.3,0.0
2025-09-22 01:00:00,8.9,0.0
2025-09-22 02:00:00,6.5,0.0
2025-09-22 03:00:00,5.2,0.0
2025-09-22 04:00:00,7.0,0.0
2025-09-22 05:00:00,8.0,0.0
2025-09-22 06:00:00,9.2,22.0
2025-09-22 07:00:00,8.7,76.0
2025-09-22 08:00:00,8.3,113.0
2025-09-22 09:00:00,8.6,208.0
2025-09-22 10:00:00,9.2,366.0
2025-09-22 11:00:00,10.0,224.0
2025-09-22 12:00:00,10.7,213.0
2025-09-22 13:00:00,8.7,161.0
2025-09-22 14:00:00,6.8,84.0
2025-09-22 15:00:00,8.6,116.0
2025-09-22 16:00:00,4.9,69.0
2025-09-22 17:00:00,2.4,13.0
2025-09-22 18:00:00,5.7,0.0
2025-09-22 19:00:00,11.6,0.0
2025-09-22 20:00:00,7.2,0.0
2025-09-22 21:00:00,6.1,0.0
2025-09-22 22:00:00,5.2,0.0
2025-09-22 23:00:00,4.7,0.0
2025-09-23 00:00:00,5.2,0.0
2025-09-23 01:00:00,6.4,0.0
2025-09-23 02:00:00,6.3,0.0
2025-09-23 03:00:00,5.7,0.0
2025-09-23 04:00:00,6.2,0.0
2025-09-23 05:00:00,5.9,0.0
2025-09-23 06:00:00,6.9,48.0
2025-09-23 07:00:00,4.3,179.0
2025-09-23 08:00:00,3.9,322.0
2025-09-23 09:00:00,3.4,447.0
2025-09-23 10:00:00,3.1,537.0
2025-09-23 11:00:00,4.2,575.0
2025-09-23 12:00:00,6.3,457.0
2025-09-23 13:00:00,7.6,457.0
2025-09-23 14:00:00,8.3,381.0
2025-09-23 15:00:00,8.8,306.0
2025-09-23 16:00:00,5.0,163.0
2025-09-23 17:00:00,5.3,40.0
2025-09-23 18:00:00,9.4,0.0
2025-09-23 19:00:00,11.2,0.0
2025-09-23 20:00:00,10.8,0.0
2025-09-23 21:00:00,10.6,0.0
2025-09-23 22:00:00,10.2,0.0
2025-09-23 23:00:00,10.3,0.0
2025-09-24 00:00:00,11.1,0.0
2025-09-24 01:00:00,11.3,0.0
2025-09-24 02:00:00,11.3,0.0
2025-09-24 03:00:00,11.7,0.0
2025-09-24 04:00:00,11.8,0.0
2025-09-24 05:00:00,11.7,0.0
2025-09-24 06:00:00,12.4,46.0
2025-09-24 07:00:00,11.4,182.0
2025-09-24 08:00:00,12.4,330.0
2025-09-24 09:00:00,13.6,456.0
2025-09-24 10:00:00,16.0,548.0
2025-09-24 11:00:00,17.3,597.0
2025-09-24 12:00:00,18.3,594.0
2025-09-24 13:00:00,17.9,539.0
2025-09-24 14:00:00,19.2,443.0
2025-09-24 15:00:00,19.1,314.0
2025-09-24 16:00:00,16.3,168.0
2025-09-24 17:00:00,15.6,39.0
2025-09-24 18:00:00,16.0,0.0
2025-09-24 19:00:00,15.1,0.0
2025-09-24 20:00:00,15.3,0.0
2025-09-24 21:00:00,16.7,0.0
2025-09-24 22:00:00,17.0,0.0
2025-09-24 23:00:00,16.9,0.0
2025-09-25 00:00:00,18.0,0.0
2025-09-25 01:00:00,18.4,0.0
2025-09-25 02:00:00,17.0,0.0
2025-09-25 03:00:00,18.0,0.0
2025-09-25 04:00:00,17.7,0.0
2025-09-25 05:00:00,17.9,0.0
2025-09-25 06:00:00,18.2,43.0
2025-09-25 07:00:00,15.1,177.0
2025-09-25 08:00:00,17.9,323.0
2025-09-25 09:00:00,19.5,438.0
2025-09-25 10:00:00,22.0,517.0
2025-09-25 11:00:00,22.9,539.0
2025-09-25 12:00:00,23.7,521.0
2025-09-25 13:00:00,22.1,391.0
2025-09-25 14:00:00,21.4,269.0
2025-09-25 15:00:00,19.6,260.0
2025-09-25 16:00:00,17.6,128.0
2025-09-25 17:00:00,15.5,29.0
2025-09-25 18:00:00,15.0,0.0
2025-09-25 19:00:00,16.0,0.0
2025-09-25 20:00:00,16.6,0.0
2025-09-25 21:00:00,16.1,0.0
2025-09-25 22:00:00,16.1,0.0
2025-09-25 23:00:00,16.2,0.0
2025-09-26 00:00:00,15.7,0.0
2025-09-26 01:00:00,16.6,0.0
2025-09-26 02:00:00,15.4,0.0
2025-09-26 03:00:00,14.6,0.0
2025-09-26 04:00:00,15.3,0.0
2025-09-26 05:00:00,15.5,0.0
2025-09-26 06:00:00,16.0,18.0
2025-09-26 07:00:00,17.0,50.0
2025-09-26 08:00:00,18.9,112.0
2025-09-26 09:00:00,19.1,321.0
2025-09-26 10:00:00,19.2,419.0
2025-09-26 11:00:00,17.5,345.0
2025-09-26 12:00:00,17.0,285.0
2025-09-26 13:00:00,16.8,288.0
2025-09-26 14:00:00,17.3,333.0
2025-09-26 15:00:00,15.5,238.0
2025-09-26 16:00:00,14.2,108.0
2025-09-26 17:00:00,15.0,19.0
2025-09-26 18:00:00,16.4,0.0
2025-09-26 19:00:00,16.7,0.0
2025-09-26 20:00:00,16.9,0.0
2025-09-26 21:00:00,16.2,0.0
2025-09-26 22:00:00,15.9,0.0
2025-09-26 23:00:00,16.1,0.0
2025-09-27 00:00:00,15.6,0.0
2025-09-27 01:00:00,15.4,0.0
2025-09-27 02:00:00,14.7,0.0
2025-09-27 03:00:00,14.2,0.0
2025-09-27 04:00:00,13.7,0.0
2025-09-27 05:00:00,13.9,0.0
2025-09-27 06:00:00,14.4,33.0
2025-09-27 07:00:00,12.3,150.0
2025-09-27 08:00:00,13.3,283.0
2025-09-27 09:00:00,13.0,409.0
2025-09-27 10:00:00,12.8,501.0
2025-09-27 11:00:00,12.8,548.0
2025-09-27 12:00:00,12.8,546.0
2025-09-27 13:00:00,11.9,494.0
2025-09-27 14:00:00,12.6,404.0
2025-09-27 15:00:00,12.8,282.0
2025-09-27 16:00:00,10.4,144.0
2025-09-27 17:00:00,9.5,26.0
2025-09-27 18:00:00,10.8,0.0
2025-09-27 19:00:00,10.9,0.0
2025-09-27 20:00:00,10.6,0.0
2025-09-27 21:00:00,10.6,0.0
2025-09-27 22:00:00,9.9,0.0
2025-09-27 23:00:00,9.4,0.0
2025-09-28 00:00:00,9.0,0.0
2025-09-28 01:00:00,8.9,0.0
2025-09-28 02:00:00,8.6,0.0
2025-09-28 03:00:00,9.1,0.0
2025-09-28 04:00:00,8.8,0.0
2025-09-28 05:00:00,8.9,0.0
2025-09-28 06:00:00,9.2,33.0
2025-09-28 07:00:00,7.5,156.0
2025-09-28 08:00:00,6.8,298.0
2025-09-28 09:00:00,6.5,420.0
2025-09-28 10:00:00,6.8,509.0
2025-09-28 11:00:00,8.6,554.0
2025-09-28 12:00:00,10.0,554.0
2025-09-28 13:00:00,8.6,501.0
2025-09-28 14:00:00,9.0,413.0
2025-09-28 15:00:00,11.0,288.0
2025-09-28 16:00:00,9.6,145.0
2025-09-28 17:00:00,8.8,25.0
2025-09-28 18:00:00,8.3,0.0
2025-09-28 19:00:00,8.5,0.0
2025-09-28 20:00:00,10.4,0.0
2025-09-28 21:00:00,11.4,0.0
2025-09-28 22:00:00,8.7,0.0
2025-09-28 23:00:00,7.0,0.0
2025-09-29 00:00:00,8.4,0.0
2025-09-29 01:00:00,8.1,0.0
2025-09-29 02:00:00,7.4,0.0
2025-09-29 03:00:00,6.9,0.0
2025-09-29 04:00:00,7.0,0.0
2025-09-29 05:00:00,7.7,0.0
2025-09-29 06:00:00,8.4,31.0
2025-09-29 07:00:00,7.1,152.0
2025-09-29 08:00:00,6.6,297.0
2025-09-29 09:00:00,7.7,416.0
2025-09-29 10:00:00,8.0,493.0
2025-09-29 11:00:00,8.1,547.0
2025-09-29 12:00:00,6.4,487.0
2025-09-29 13:00:00,10.6,442.0
2025-09-29 14:00:00,9.8,359.0
2025-09-29 15:00:00,8.5,244.0
2025-09-29 16:00:00,5.8,119.0
2025-09-29 17:00:00,8.0,18.0
2025-09-29 18:00:00,13.5,0.0
2025-09-29 19:00:00,12.5,0.0
2025-09-29 20:00:00,10.8,0.0
2025-09-29 21:00:00,10.2,0.0
2025-09-29 22:00:00,9.1,0.0
2025-09-29 23:00:00,8.4,0.0
2025-09-30 00:00:00,9.3,0.0
2025-09-30 01:00:00,8.7,0.0
2025-09-30 02:00:00,9.9,0.0
2025-09-30 03:00:00,10.8,0.0
2025-09-30 04:00:00,11.1,0.0
2025-09-30 05:00:00,11.2,0.0
2025-09-30 06:00:00,11.7,29.0
2025-09-30 07:00:00,10.5,151.0
2025-09-30 08:00:00,9.8,292.0
2025-09-30 09:00:00,10.2,416.0
2025-09-30 10:00:00,10.5,506.0
2025-09-30 11:00:00,12.4,554.0
2025-09-30 12:00:00,12.3,439.0
2025-09-30 13:00:00,11.0,270.0
2025-09-30 14:00:00,10.2,298.0
2025-09-30 15:00:00,9.8,198.0
2025-09-30 16:00:00,7.7,108.0
2025-09-30 17:00:00,7.1,15.0
2025-09-30 18:00:00,7.7,0.0
2025-09-30 19:00:00,9.6,0.0
2025-09-30 20:00:00,10.0,0.0
2025-09-30 21:00:00,8.3,0.0
2025-09-30 22:00:00,6.4,0.0
2025-09-30 23:00:00,5.6,0.0
2025-10-01 00:00:00,5.5,0.0
2025-10-01 01:00:00,5.0,0.0
2025-10-01 02:00:00,5.9,0.0
2025-10-01 03:00:00,7.2,0.0
2025-10-01 04:00:00,8.1,0.0
2025-10-01 05:00:00,8.8,0.0
2025-10-01 06:00:00,7.7,26.0
2025-10-01 07:00:00,6.8,116.0
2025-10-01 08:00:00,7.2,244.0
2025-10-01 09:00:00,12.6,358.0
2025-10-01 10:00:00,11.7,372.0
2025-10-01 11:00:00,10.3,365.0
2025-10-01 12:00:00,9.2,282.0
2025-10-01 13:00:00,9.4,258.0
2025-10-01 14:00:00,9.4,172.0
2025-10-01 15:00:00,8.8,103.0
2025-10-01 16:00:00,5.2,70.0
2025-10-01 17:00:00,5.4,13.0
2025-10-01 18:00:00,6.8,0.0
2025-10-01 19:00:00,5.7,0.0
2025-10-01 20:00:00,5.9,0.0
2025-10-01 21:00:00,5.4,0.0
2025-10-01 22:00:00,4.8,0.0
2025-10-01 23:00:00,5.2,0.0
2025-10-02 00:00:00,4.6,0.0
2025-10-02 01:00:00,4.9,0.0
2025-10-02 02:00:00,5.8,0.0
2025-10-02 03:00:00,5.0,0.0
2025-10-02 04:00:00,3.7,0.0
2025-10-02 05:00:00,3.6,0.0
2025-10-02 06:00:00,5.0,24.0
2025-10-02 07:00:00,3.1,141.0
2025-10-02 08:00:00,1.4,280.0
2025-10-02 09:00:00,1.5,402.0
2025-10-02 10:00:00,3.3,490.0
2025-10-02 11:00:00,3.4,514.0
2025-10-02 12:00:00,2.3,419.0
2025-10-02 13:00:00,2.2,327.0
2025-10-02 14:00:00,2.1,294.0
2025-10-02 15:00:00,3.1,192.0
2025-10-02 16:00:00,3.6,98.0
2025-10-02 17:00:00,6.0,14.0
2025-10-02 18:00:00,4.0,0.0
2025-10-02 19:00:00,4.3,0.0
2025-10-02 20:00:00,4.6,0.0
2025-10-02 21:00:00,4.7,0.0
2025-10-02 22:00:00,5.1,0.0
2025-10-02 23:00:00,4.7,0.0
2025-10-03 00:00:00,5.6,0.0
2025-10-03 01:00:00,4.9,0.0
2025-10-03 02:00:00,2.2,0.0
2025-10-03 03:00:00,0.2,0.0
2025-10-03 04:00:00,0.6,0.0
2025-10-03 05:00:00,1.1,0.0
2025-10-03 06:00:00,3.3,20.0
2025-10-03 07:00:00,3.4,120.0
2025-10-03 08:00:00,2.9,242.0
2025-10-03 09:00:00,3.6,393.0
2025-10-03 10:00:00,4.9,484.0
2025-10-03 11:00:00,6.1,529.0
2025-10-03 12:00:00,6.5,503.0
2025-10-03 13:00:00,6.5,367.0
2025-10-03 14:00:00,6.0,289.0
2025-10-03 15:00:00,5.6,207.0
2025-10-03 16:00:00,4.6,96.0
2025-10-03 17:00:00,9.5,12.0
2025-10-03 18:00:00,10.9,0.0
2025-10-03 19:00:00,11.1,0.0
2025-10-03 20:00:00,11.3,0.0
2025-10-03 21:00:00,11.9,0.0
2025-10-03 22:00:00,13.0,0.0
2025-10-03 23:00:00,14.1,0.0
2025-10-04 00:00:00,15.8,0.0
2025-10-04 01:00:00,15.3,0.0
2025-10-04 02:00:00,15.9,0.0
2025-10-04 03:00:00,17.1,0.0
2025-10-04 04:00:00,17.8,0.0
2025-10-04 05:00:00,18.2,0.0
2025-10-04 06:00:00,20.4,9.0
2025-10-04 07:00:00,21.5,23.0
2025-10-04 08:00:00,21.1,26.0
2025-10-04 09:00:00,22.9,47.0
2025-10-04 10:00:00,24.2,119.0
2025-10-04 11:00:00,22.9,140.0
2025-10-04 12:00:00,18.8,52.0
2025-10-04 13:00:00,18.7,68.0
2025-10-04 14:00:00,15.8,119.0
2025-10-04 15:00:00,14.9,26.0
2025-10-04 16:00:00,17.1,13.0
2025-10-04 17:00:00,19.6,2.0
2025-10-04 18:00:00,21.1,0.0
2025-10-04 19:00:00,20.6,0.0
2025-10-04 20:00:00,20.0,0.0
2025-10-04 21:00:00,20.0,0.0
2025-10-04 22:00:00,19.9,0.0
2025-10-04 23:00:00,20.9,0.0
2025-10-05 00:00:00,20.1,0.0
2025-10-05 01:00:00,21.1,0.0
2025-10-05 02:00:00,20.3,0.0
2025-10-05 03:00:00,20.3,0.0
2025-10-05 04:00:00,20.4,0.0
2025-10-05 05:00:00,19.9,0.0
2025-10-05 06:00:00,19.5,16.0
2025-10-05 07:00:00,19.9,111.0
2025-10-05 08:00:00,18.7,233.0
2025-10-05 09:00:00,25.7,351.0
2025-10-05 10:00:00,22.7,314.0
2025-10-05 11:00:00,22.8,372.0
2025-10-05 12:00:00,23.8,422.0
2025-10-05 13:00:00,21.1,299.0
2025-10-05 14:00:00,18.3,229.0
2025-10-05 15:00:00,16.5,161.0
2025-10-05 16:00:00,16.0,70.0
2025-10-05 17:00:00,17.3,6.0
2025-10-05 18:00:00,15.6,0.0
2025-10-05 19:00:00,16.9,0.0
2025-10-05 20:00:00,18.0,0.0
2025-10-05 21:00:00,19.3,0.0
2025-10-05 22:00:00,20.5,0.0
2025-10-05 23:00:00,21.6,0.0
2025-10-06 00:00:00,20.2,0.0
2025-10-06 01:00:00,20.1,0.0
2025-10-06 02:00:00,20.6,0.0
2025-10-06 03:00:00,22.0,0.0
2025-10-06 04:00:00,22.7,0.0
2025-10-06 05:00:00,23.5,0.0
2025-10-06 06:00:00,22.5,3.0
2025-10-06 07:00:00,22.8,84.0
2025-10-06 08:00:00,28.8,169.0
2025-10-06 09:00:00,29.3,267.0
2025-10-06 10:00:00,26.7,299.0
2025-10-06 11:00:00,25.4,280.0
2025-10-06 12:00:00,23.3,335.0
2025-10-06 13:00:00,20.2,236.0
2025-10-06 14:00:00,18.9,234.0
2025-10-06 15:00:00,15.7,220.0
2025-10-06 16:00:00,14.8,97.0
2025-10-06 17:00:00,11.6,7.0
2025-10-06 18:00:00,8.3,0.0
2025-10-06 19:00:00,8.9,0.0
2025-10-06 20:00:00,10.0,0.0
2025-10-06 21:00:00,10.7,0.0
2025-10-06 22:00:00,10.8,0.0
2025-10-06 23:00:00,9.6,0.0
2025-10-07 00:00:00,9.1,0.0
2025-10-07 01:00:00,9.6,0.0
2025-10-07 02:00:00,8.8,0.0
2025-10-07 03:00:00,8.3,0.0
2025-10-07 04:00:00,9.0,0.0
2025-10-07 05:00:00,7.3,0.0
2025-10-07 06:00:00,6.4,3.0
2025-10-07 07:00:00,7.0,15.0
2025-10-07 08:00:00,7.1,32.0
2025-10-07 09:00:00,6.4,78.0
2025-10-07 10:00:00,5.5,62.0
2025-10-07 11:00:00,6.8,94.0
2025-10-07 12:00:00,5.6,148.0
2025-10-07 13:00:00,6.0,187.0
2025-10-07 14:00:00,6.2,138.0
2025-10-07 15:00:00,4.0,86.0
2025-10-07 16:00:00,4.0,19.0
2025-10-07 17:00:00,5.0,1.0
2025-10-07 18:00:00,4.2,0.0
2025-10-07 19:00:00,5.8,0.0
2025-10-07 20:00:00,6.2,0.0
2025-10-07 21:00:00,7.2,0.0
2025-10-07 22:00:00,7.0,0.0
2025-10-07 23:00:00,7.6,0.0
2025-10-08 00:00:00,8.7,0.0
2025-10-08 01:00:00,8.1,0.0
2025-10-08 02:00:00,8.4,0.0
2025-10-08 03:00:00,8.4,0.0
2025-10-08 04:00:00,8.5,0.0
2025-10-08 05:00:00,8.5,0.0
2025-10-08 06:00:00,8.8,1.0
2025-10-08 07:00:00,9.0,11.0
2025-10-08 08:00:00,9.3,26.0
2025-10-08 09:00:00,10.5,64.0
2025-10-08 10:00:00,11.2,132.0
2025-10-08 11:00:00,11.7,165.0
2025-10-08 12:00:00,11.0,138.0
2025-10-08 13:00:00,11.1,171.0
2025-10-08 14:00:00,10.0,110.0
2025-10-08 15:00:00,8.1,70.0
2025-10-08 16:00:00,7.9,20.0
2025-10-08 17:00:00,7.6,2.0
2025-10-08 18:00:00,7.7,0.0
2025-10-08 19:00:00,8.3,0.0
2025-10-08 20:00:00,7.3,0.0
2025-10-08 21:00:00,8.0,0.0
2025-10-08 22:00:00,8.0,0.0
2025-10-08 23:00:00,8.1,0.0
2025-10-09 00:00:00,8.1,0.0
2025-10-09 01:00:00,8.7,0.0
2025-10-09 02:00:00,9.9,0.0
2025-10-09 03:00:00,10.0,0.0
2025-10-09 04:00:00,10.2,0.0
2025-10-09 05:00:00,10.5,0.0
2025-10-09 06:00:00,11.3,9.0
2025-10-09 07:00:00,11.2,70.0
2025-10-09 08:00:00,14.7,230.0
2025-10-09 09:00:00,15.7,324.0
2025-10-09 10:00:00,14.7,388.0
2025-10-09 11:00:00,14.2,330.0
2025-10-09 12:00:00,13.6,249.0
2025-10-09 13:00:00,14.3,217.0
2025-10-09 14:00:00,13.4,153.0
2025-10-09 15:00:00,10.6,100.0
2025-10-09 16:00:00,9.4,42.0
2025-10-09 17:00:00,9.2,2.0
2025-10-09 18:00:00,11.6,0.0
2025-10-09 19:00:00,12.5,0.0
2025-10-09 20:00:00,13.8,0.0
2025-10-09 21:00:00,14.3,0.0
2025-10-09 22:00:00,15.4,0.0
2025-10-09 23:00:00,16.3,0.0
2025-10-10 00:00:00,16.5,0.0
2025-10-10 01:00:00,17.2,0.0
2025-10-10 02:00:00,17.5,0.0
2025-10-10 03:00:00,16.9,0.0
2025-10-10 04:00:00,17.0,0.0
2025-10-10 05:00:00,19.2,0.0
2025-10-10 06:00:00,16.3,8.0
2025-10-10 07:00:00,15.5,97.0
2025-10-10 08:00:00,20.7,212.0
2025-10-10 09:00:00,25.6,286.0
2025-10-10 10:00:00,21.9,157.0
2025-10-10 11:00:00,24.5,169.0
2025-10-10 12:00:00,22.6,164.0
2025-10-10 13:00:00,20.6,141.0
2025-10-10 14:00:00,18.1,116.0
2025-10-10 15:00:00,14.5,58.0
2025-10-10 16:00:00,14.9,33.0
2025-10-10 17:00:00,15.2,1.0
2025-10-10 18:00:00,15.1,0.0
2025-10-10 19:00:00,15.3,0.0
2025-10-10 20:00:00,15.6,0.0
2025-10-10 21:00:00,15.6,0.0
2025-10-10 22:00:00,14.7,0.0
2025-10-10 23:00:00,15.3,0.0
2025-10-11 00:00:00,15.6,0.0
2025-10-11 01:00:00,15.3,0.0
2025-10-11 02:00:00,14.9,0.0
2025-10-11 03:00:00,14.8,0.0
2025-10-11 04:00:00,14.6,0.0
2025-10-11 05:00:00,15.8,0.0
2025-10-11 06:00:00,18.0,3.0
2025-10-11 07:00:00,19.0,33.0
2025-10-11 08:00:00,22.5,75.0
2025-10-11 09:00:00,21.8,141.0
2025-10-11 10:00:00,21.6,177.0
2025-10-11 11:00:00,18.1,193.0
2025-10-11 12:00:00,17.3,227.0
2025-10-11 13:00:00,17.1,213.0
2025-10-11 14:00:00,14.3,216.0
2025-10-11 15:00:00,12.5,164.0
2025-10-11 16:00:00,12.3,50.0
2025-10-11 17:00:00,11.7,1.0
2025-10-11 18:00:00,13.1,0.0
2025-10-11 19:00:00,13.6,0.0
2025-10-11 20:00:00,12.4,0.0
2025-10-11 21:00:00,12.2,0.0
2025-10-11 22:00:00,11.3,0.0
2025-10-11 23:00:00,10.7,0.0
2025-10-12 00:00:00,12.4,0.0
2025-10-12 01:00:00,12.8,0.0
2025-10-12 02:00:00,13.8,0.0
2025-10-12 03:00:00,14.1,0.0
2025-10-12 04:00:00,13.6,0.0
2025-10-12 05:00:00,13.4,0.0
2025-10-12 06:00:00,12.8,4.0
2025-10-12 07:00:00,11.8,54.0
2025-10-12 08:00:00,17.6,176.0
2025-10-12 09:00:00,18.7,105.0
2025-10-12 10:00:00,17.8,81.0
2025-10-12 11:00:00,15.3,79.0
2025-10-12 12:00:00,14.8,72.0
2025-10-12 13:00:00,14.4,89.0
2025-10-12 14:00:00,12.8,80.0
2025-10-12 15:00:00,12.3,57.0
2025-10-12 16:00:00,12.3,13.0
2025-10-12 17:00:00,11.7,0.0
2025-10-12 18:00:00,10.0,0.0
2025-10-12 19:00:00,7.0,0.0
2025-10-12 20:00:00,6.9,0.0
2025-10-12 21:00:00,7.2,0.0
2025-10-12 22:00:00,6.9,0.0
2025-10-12 23:00:00,5.4,0.0
2025-10-13 00:00:00,6.8,0.0
2025-10-13 01:00:00,5.9,0.0
2025-10-13 02:00:00,5.8,0.0
2025-10-13 03:00:00,6.6,0.0
2025-10-13 04:00:00,6.4,0.0
2025-10-13 05:00:00,6.6,0.0
2025-10-13 06:00:00,8.8,3.0
2025-10-13 07:00:00,7.6,57.0
2025-10-13 08:00:00,5.4,167.0
2025-10-13 09:00:00,4.1,306.0
2025-10-13 10:00:00,4.2,414.0
2025-10-13 11:00:00,5.0,475.0
2025-10-13 12:00:00,6.0,465.0
2025-10-13 13:00:00,6.8,418.0
2025-10-13 14:00:00,7.6,319.0
2025-10-13 15:00:00,6.2,193.0
2025-10-13 16:00:00,5.9,61.0
2025-10-13 17:00:00,7.3,1.0
2025-10-13 18:00:00,7.7,0.0
2025-10-13 19:00:00,6.1,0.0
2025-10-13 20:00:00,4.8,0.0
2025-10-13 21:00:00,4.8,0.0
2025-10-13 22:00:00,4.7,0.0
2025-10-13 23:00:00,4.7,0.0
2025-10-14 00:00:00,5.5,0.0
2025-10-14 01:00:00,7.6,0.0
2025-10-14 02:00:00,9.2,0.0
2025-10-14 03:00:00,9.9,0.0
2025-10-14 04:00:00,10.3,0.0
2025-10-14 05:00:00,10.6,0.0
2025-10-14 06:00:00,10.8,3.0
2025-10-14 07:00:00,12.4,21.0
2025-10-14 08:00:00,13.6,47.0
2025-10-14 09:00:00,12.7,56.0
2025-10-14 10:00:00,11.0,57.0
2025-10-14 11:00:00,13.0,81.0
2025-10-14 12:00:00,13.2,98.0
2025-10-14 13:00:00,12.4,108.0
2025-10-14 14:00:00,12.4,72.0
2025-10-14 15:00:00,13.6,48.0
2025-10-14 16:00:00,12.1,8.0
2025-10-14 17:00:00,9.5,0.0
2025-10-14 18:00:00,6.5,0.0
2025-10-14 19:00:00,6.5,0.0
2025-10-14 20:00:00,6.0,0.0
2025-10-14 21:00:00,6.0,0.0
2025-10-14 22:00:00,3.2,0.0
2025-10-14 23:00:00,1.5,0.0
2025-10-15 00:00:00,1.5,0.0
2025-10-15 01:00:00,3.5,0.0
2025-10-15 02:00:00,5.6,0.0
2025-10-15 03:00:00,6.7,0.0
2025-10-15 04:00:00,6.9,0.0
2025-10-15 05:00:00,7.6,0.0
2025-10-15 06:00:00,7.1,1.0
2025-10-15 07:00:00,8.0,47.0
2025-10-15 08:00:00,8.5,136.0
2025-10-15 09:00:00,8.8,160.0
2025-10-15 10:00:00,9.1,214.0
2025-10-15 11:00:00,9.8,206.0
2025-10-15 12:00:00,10.8,239.0
2025-10-15 13:00:00,9.4,230.0
2025-10-15 14:00:00,8.9,190.0
2025-10-15 15:00:00,6.8,127.0
2025-10-15 16:00:00,6.4,43.0
2025-10-15 17:00:00,6.5,0.0
2025-10-15 18:00:00,6.0,0.0
2025-10-15 19:00:00,5.8,0.0
2025-10-15 20:00:00,6.9,0.0
2025-10-15 21:00:00,8.2,0.0
2025-10-15 22:00:00,7.1,0.0
2025-10-15 23:00:00,9.6,0.0
2025-10-16 00:00:00,10.0,0.0
2025-10-16 01:00:00,9.5,0.0
2025-10-16 02:00:00,9.3,0.0
2025-10-16 03:00:00,11.2,0.0
2025-10-16 04:00:00,11.4,0.0
2025-10-16 05:00:00,10.8,0.0
2025-10-16 06:00:00,12.2,3.0
2025-10-16 07:00:00,13.4,29.0
2025-10-16 08:00:00,16.4,79.0
2025-10-16 09:00:00,15.3,69.0
2025-10-16 10:00:00,14.7,150.0
2025-10-16 11:00:00,15.9,285.0
2025-10-16 12:00:00,15.6,226.0
2025-10-16 13:00:00,15.0,223.0
2025-10-16 14:00:00,14.9,179.0
2025-10-16 15:00:00,11.3,97.0
2025-10-16 16:00:00,9.9,29.0
2025-10-16 17:00:00,9.2,0.0
2025-10-16 18:00:00,9.0,0.0
2025-10-16 19:00:00,9.6,0.0
2025-10-16 20:00:00,10.9,0.0
2025-10-16 21:00:00,11.0,0.0
2025-10-16 22:00:00,10.4,0.0
2025-10-16 23:00:00,10.7,0.0
2025-10-17 00:00:00,11.0,0.0
2025-10-17 01:00:00,11.7,0.0
2025-10-17 02:00:00,11.1,0.0
2025-10-17 03:00:00,11.4,0.0
2025-10-17 04:00:00,12.0,0.0
2025-10-17 05:00:00,12.0,0.0
2025-10-17 06:00:00,12.4,1.0
2025-10-17 07:00:00,14.7,35.0
2025-10-17 08:00:00,14.1,101.0
2025-10-17 09:00:00,13.3,222.0
2025-10-17 10:00:00,13.9,223.0
2025-10-17 11:00:00,18.7,333.0
2025-10-17 12:00:00,17.3,236.0
2025-10-17 13:00:00,19.3,235.0
2025-10-17 14:00:00,18.9,220.0
2025-10-17 15:00:00,14.8,92.0
2025-10-17 16:00:00,11.7,37.0
2025-10-17 17:00:00,11.0,0.0
2025-10-17 18:00:00,9.9,0.0
2025-10-17 19:00:00,11.3,0.0
2025-10-17 20:00:00,14.9,0.0
2025-10-17 21:00:00,14.2,0.0
2025-10-17 22:00:00,15.3,0.0
2025-10-17 23:00:00,14.3,0.0
2025-10-18 00:00:00,15.5,0.0
2025-10-18 01:00:00,13.0,0.0
2025-10-18 02:00:00,11.0,0.0
2025-10-18 03:00:00,11.4,0.0
2025-10-18 04:00:00,11.3,0.0
2025-10-18 05:00:00,11.2,0.0
2025-10-18 06:00:00,10.6,3.0
2025-10-18 07:00:00,8.7,80.0
2025-10-18 08:00:00,8.8,211.0
2025-10-18 09:00:00,9.5,328.0
2025-10-18 10:00:00,9.9,413.0
2025-10-18 11:00:00,10.5,453.0
2025-10-18 12:00:00,10.1,445.0
2025-10-18 13:00:00,9.2,391.0
2025-10-18 14:00:00,7.9,293.0
2025-10-18 15:00:00,5.2,163.0
2025-10-18 16:00:00,4.1,44.0
2025-10-18 17:00:00,3.6,0.0
2025-10-18 18:00:00,3.3,0.0
2025-10-18 19:00:00,3.4,0.0
2025-10-18 20:00:00,4.5,0.0
2025-10-18 21:00:00,5.4,0.0
2025-10-18 22:00:00,5.3,0.0
2025-10-18 23:00:00,5.6,0.0
2025-10-19 00:00:00,5.0,0.0
2025-10-19 01:00:00,5.0,0.0
2025-10-19 02:00:00,5.5,0.0
2025-10-19 03:00:00,5.8,0.0
2025-10-19 04:00:00,6.4,0.0
2025-10-19 05:00:00,7.1,0.0
2025-10-19 06:00:00,8.6,2.0
2025-10-19 07:00:00,9.2,55.0
2025-10-19 08:00:00,7.6,147.0
2025-10-19 09:00:00,7.2,288.0
2025-10-19 10:00:00,8.1,389.0
2025-10-19 11:00:00,10.5,418.0
2025-10-19 12:00:00,11.8,432.0
2025-10-19 13:00:00,12.7,380.0
2025-10-19 14:00:00,13.3,286.0
2025-10-19 15:00:00,12.1,166.0
2025-10-19 16:00:00,12.8,42.0
2025-10-19 17:00:00,14.5,0.0
2025-10-19 18:00:00,15.6,0.0
2025-10-19 19:00:00,15.6,0.0
2025-10-19 20:00:00,15.3,0.0
2025-10-19 21:00:00,14.3,0.0
2025-10-19 22:00:00,13.6,0.0
2025-10-19 23:00:00,13.4,0.0
2025-10-20 00:00:00,14.1,0.0
2025-10-20 01:00:00,13.8,0.0
2025-10-20 02:00:00,13.6,0.0
2025-10-20 03:00:00,14.0,0.0
2025-10-20 04:00:00,13.5,0.0
2025-10-20 05:00:00,13.5,0.0
2025-10-20 06:00:00,13.9,2.0
2025-10-20 07:00:00,13.4,71.0
2025-10-20 08:00:00,12.9,198.0
2025-10-20 09:00:00,13.1,315.0
2025-10-20 10:00:00,13.6,395.0
2025-10-20 11:00:00,12.9,431.0
2025-10-20 12:00:00,14.3,420.0
2025-10-20 13:00:00,14.6,358.0
2025-10-20 14:00:00,13.3,170.0
2025-10-20 15:00:00,14.7,111.0
2025-10-20 16:00:00,15.4,23.0
2025-10-20 17:00:00,16.4,0.0
2025-10-20 18:00:00,16.8,0.0
2025-10-20 19:00:00,16.3,0.0
2025-10-20 20:00:00,15.7,0.0
2025-10-20 21:00:00,13.7,0.0
2025-10-20 22:00:00,12.9,0.0
2025-10-20 23:00:00,14.2,0.0
2025-10-21 00:00:00,13.6,0.0
2025-10-21 01:00:00,15.5,0.0
2025-10-21 02:00:00,17.0,0.0
2025-10-21 03:00:00,15.6,0.0
2025-10-21 04:00:00,15.1,0.0
2025-10-21 05:00:00,15.5,0.0
2025-10-21 06:00:00,15.0,1.0
2025-10-21 07:00:00,15.7,39.0
2025-10-21 08:00:00,12.2,165.0
2025-10-21 09:00:00,12.7,286.0
2025-10-21 10:00:00,13.7,355.0
2025-10-21 11:00:00,14.3,399.0
2025-10-21 12:00:00,16.1,369.0
2025-10-21 13:00:00,10.0,256.0
2025-10-21 14:00:00,16.8,221.0
2025-10-21 15:00:00,13.9,71.0
2025-10-21 16:00:00,13.3,30.0
2025-10-21 17:00:00,12.8,0.0
2025-10-21 18:00:00,11.7,0.0
2025-10-21 19:00:00,12.0,0.0
2025-10-21 20:00:00,12.1,0.0
2025-10-21 21:00:00,11.4,0.0
2025-10-21 22:00:00,11.1,0.0
2025-10-21 23:00:00,10.4,0.0
2025-10-22 00:00:00,10.0,0.0
2025-10-22 01:00:00,9.9,0.0
2025-10-22 02:00:00,9.3,0.0
2025-10-22 03:00:00,9.8,0.0
2025-10-22 04:00:00,9.4,0.0
2025-10-22 05:00:00,10.1,0.0
2025-10-22 06:00:00,9.4,1.0
2025-10-22 07:00:00,9.6,52.0
2025-10-22 08:00:00,8.1,159.0
2025-10-22 09:00:00,9.4,265.0
2025-10-22 10:00:00,10.2,329.0
2025-10-22 11:00:00,13.4,395.0
2025-10-22 12:00:00,9.3,337.0
2025-10-22 13:00:00,8.4,170.0
2025-10-22 14:00:00,6.5,117.0
2025-10-22 15:00:00,5.6,100.0
2025-10-22 16:00:00,5.2,22.0
2025-10-22 17:00:00,5.4,0.0
2025-10-22 18:00:00,4.4,0.0
2025-10-22 19:00:00,7.0,0.0
2025-10-22 20:00:00,8.7,0.0
2025-10-22 21:00:00,8.1,0.0
2025-10-22 22:00:00,7.6,0.0
2025-10-22 23:00:00,7.5,0.0
2025-10-23 00:00:00,7.4,0.0
2025-10-23 01:00:00,8.3,0.0
2025-10-23 02:00:00,11.1,0.0
2025-10-23 03:00:00,12.5,0.0
2025-10-23 04:00:00,13.5,0.0
2025-10-23 05:00:00,15.0,0.0
2025-10-23 06:00:00,15.8,0.0
2025-10-23 07:00:00,16.3,28.0
2025-10-23 08:00:00,17.1,105.0
2025-10-23 09:00:00,13.1,220.0
2025-10-23 10:00:00,12.7,163.0
2025-10-23 11:00:00,17.7,157.0
2025-10-23 12:00:00,18.9,106.0
2025-10-23 13:00:00,17.9,56.0
2025-10-23 14:00:00,17.1,33.0
2025-10-23 15:00:00,16.6,45.0
2025-10-23 16:00:00,16.4,7.0
2025-10-23 17:00:00,17.1,0.0
2025-10-23 18:00:00,18.5,0.0
2025-10-23 19:00:00,16.9,0.0
2025-10-23 20:00:00,19.5,0.0
2025-10-23 21:00:00,18.2,0.0
2025-10-23 22:00:00,16.9,0.0
2025-10-23 23:00:00,18.2,0.0
2025-10-24 00:00:00,16.3,0.0
2025-10-24 01:00:00,15.5,0.0
2025-10-24 02:00:00,17.0,0.0
2025-10-24 03:00:00,17.3,0.0
2025-10-24 04:00:00,18.0,0.0
2025-10-24 05:00:00,19.1,0.0
2025-10-24 06:00:00,17.8,0.0
2025-10-24 07:00:00,17.2,38.0
2025-10-24 08:00:00,20.2,146.0
2025-10-24 09:00:00,25.5,244.0
2025-10-24 10:00:00,22.7,253.0
2025-10-24 11:00:00,23.5,356.0
2025-10-24 12:00:00,19.9,333.0
2025-10-24 13:00:00,22.7,276.0
2025-10-24 14:00:00,21.5,172.0
2025-10-24 15:00:00,19.3,118.0
2025-10-24 16:00:00,18.7,22.0
2025-10-24 17:00:00,17.3,0.0
2025-10-24 18:00:00,18.1,0.0
2025-10-24 19:00:00,17.1,0.0
2025-10-24 20:00:00,17.1,0.0
2025-10-24 21:00:00,18.0,0.0
2025-10-24 22:00:00,16.8,0.0
2025-10-24 23:00:00,15.0,0.0
2025-10-25 00:00:00,14.0,0.0
2025-10-25 01:00:00,13.8,0.0
2025-10-25 02:00:00,13.6,0.0
2025-10-25 03:00:00,14.0,0.0
2025-10-25 04:00:00,14.5,0.0
2025-10-25 05:00:00,15.5,0.0
2025-10-25 06:00:00,15.8,0.0
2025-10-25 07:00:00,16.7,50.0
2025-10-25 08:00:00,14.8,144.0
2025-10-25 09:00:00,16.6,247.0
2025-10-25 10:00:00,22.2,356.0
2025-10-25 11:00:00,21.5,336.0
2025-10-25 12:00:00,17.7,321.0
2025-10-25 13:00:00,15.3,224.0
2025-10-25 14:00:00,18.4,168.0
2025-10-25 15:00:00,17.0,78.0
2025-10-25 16:00:00,14.8,16.0
2025-10-25 17:00:00,15.3,0.0
2025-10-25 18:00:00,17.4,0.0
2025-10-25 19:00:00,19.7,0.0
2025-10-25 20:00:00,17.7,0.0
2025-10-25 21:00:00,18.3,0.0
2025-10-25 22:00:00,19.0,0.0
2025-10-25 23:00:00,18.8,0.0
2025-10-26 00:00:00,17.9,0.0
2025-10-26 01:00:00,16.9,0.0
2025-10-26 02:00:00,16.2,0.0
2025-10-26 03:00:00,16.1,0.0
2025-10-26 04:00:00,14.4,0.0
2025-10-26 05:00:00,13.3,0.0
2025-10-26 06:00:00,13.4,0.0
2025-10-26 07:00:00,14.1,47.0
2025-10-26 08:00:00,14.1,163.0
2025-10-26 09:00:00,21.1,278.0
2025-10-26 10:00:00,24.5,350.0
2025-10-26 11:00:00,26.5,346.0
2025-10-26 12:00:00,26.3,116.0
2025-10-26 13:00:00,22.6,31.0
2025-10-26 14:00:00,24.7,22.0
2025-10-26 15:00:00,32.1,20.0
2025-10-26 16:00:00,33.2,2.0
2025-10-26 17:00:00,31.9,0.0
2025-10-26 18:00:00,30.5,0.0
2025-10-26 19:00:00,29.9,0.0
2025-10-26 20:00:00,28.3,0.0
2025-10-26 21:00:00,24.7,0.0
2025-10-26 22:00:00,23.8,0.0
2025-10-26 23:00:00,22.8,0.0
2025-10-27 00:00:00,23.3,0.0
2025-10-27 01:00:00,19.7,0.0
2025-10-27 02:00:00,17.4,0.0
2025-10-27 03:00:00,16.0,0.0
2025-10-27 04:00:00,16.6,0.0
2025-10-27 05:00:00,16.0,0.0
2025-10-27 06:00:00,19.3,0.0
2025-10-27 07:00:00,21.2,7.0
2025-10-27 08:00:00,20.7,30.0
2025-10-27 09:00:00,17.1,69.0
2025-10-27 10:00:00,12.7,125.0
2025-10-27 11:00:00,13.6,122.0
2025-10-27 12:00:00,16.7,168.0
2025-10-27 13:00:00,17.2,137.0
2025-10-27 14:00:00,19.6,144.0
2025-10-27 15:00:00,17.0,26.0
2025-10-27 16:00:00,16.6,9.0
2025-10-27 17:00:00,16.6,0.0
2025-10-27 18:00:00,15.7,0.0
2025-10-27 19:00:00,17.2,0.0
2025-10-27 20:00:00,18.6,0.0
2025-10-27 21:00:00,19.9,0.0
2025-10-27 22:00:00,22.1,0.0
2025-10-27 23:00:00,23.2,0.0
2025-10-28 00:00:00,22.2,0.0
2025-10-28 01:00:00,22.4,0.0
2025-10-28 02:00:00,21.9,0.0
2025-10-28 03:00:00,22.4,0.0
2025-10-28 04:00:00,22.1,0.0
2025-10-28 05:00:00,22.1,0.0
2025-10-28 06:00:00,19.6,0.0
2025-10-28 07:00:00,18.0,36.0
2025-10-28 08:00:00,14.0,127.0
2025-10-28 09:00:00,13.6,161.0
2025-10-28 10:00:00,16.6,137.0
2025-10-28 11:00:00,19.5,92.0
2025-10-28 12:00:00,16.3,65.0
2025-10-28 13:00:00,14.3,38.0
2025-10-28 14:00:00,18.5,84.0
2025-10-28 15:00:00,17.9,72.0
2025-10-28 16:00:00,18.7,11.0
2025-10-28 17:00:00,21.7,0.0
2025-10-28 18:00:00,20.7,0.0
2025-10-28 19:00:00,20.4,0.0
2025-10-28 20:00:00,19.7,0.0
2025-10-28 21:00:00,19.1,0.0
2025-10-28 22:00:00,18.7,0.0
2025-10-28 23:00:00,18.4,0.0
2025-10-29 00:00:00,16.9,0.0
2025-10-29 01:00:00,16.7,0.0
2025-10-29 02:00:00,17.1,0.0
2025-10-29 03:00:00,16.3,0.0
2025-10-29 04:00:00,15.7,0.0
2025-10-29 05:00:00,14.2,0.0
2025-10-29 06:00:00,12.9,0.0
2025-10-29 07:00:00,12.9,38.0
2025-10-29 08:00:00,11.2,130.0
2025-10-29 09:00:00,10.9,240.0
2025-10-29 10:00:00,10.6,275.0
2025-10-29 11:00:00,11.2,366.0
2025-10-29 12:00:00,13.9,360.0
2025-10-29 13:00:00,13.3,210.0
2025-10-29 14:00:00,8.6,145.0
2025-10-29 15:00:00,6.0,86.0
2025-10-29 16:00:00,9.4,11.0
2025-10-29 17:00:00,11.0,0.0
2025-10-29 18:00:00,12.7,0.0
2025-10-29 19:00:00,10.7,0.0
2025-10-29 20:00:00,12.1,0.0
2025-10-29 21:00:00,13.3,0.0
2025-10-29 22:00:00,13.6,0.0
2025-10-29 23:00:00,14.0,0.0
2025-10-30 00:00:00,14.6,0.0
2025-10-30 01:00:00,14.7,0.0
2025-10-30 02:00:00,14.6,0.0
2025-10-30 03:00:00,14.9,0.0
2025-10-30 04:00:00,16.7,0.0
2025-10-30 05:00:00,20.3,0.0
2025-10-30 06:00:00,22.0,0.0
2025-10-30 07:00:00,25.1,4.0
2025-10-30 08:00:00,26.9,60.0
2025-10-30 09:00:00,23.6,211.0
2025-10-30 10:00:00,31.3,214.0
2025-10-30 11:00:00,32.2,42.0
2025-10-30 12:00:00,22.9,190.0
2025-10-30 13:00:00,24.2,251.0
2025-10-30 14:00:00,25.4,163.0
2025-10-30 15:00:00,22.7,93.0
2025-10-30 16:00:00,21.0,11.0
2025-10-30 17:00:00,20.8,0.0
2025-10-30 18:00:00,21.4,0.0
2025-10-30 19:00:00,20.3,0.0
2025-10-30 20:00:00,17.3,0.0
2025-10-30 21:00:00,15.8,0.0
2025-10-30 22:00:00,14.3,0.0
2025-10-30 23:00:00,12.8,0.0
2025-10-31 00:00:00,10.9,0.0
2025-10-31 01:00:00,9.2,0.0
2025-10-31 02:00:00,8.3,0.0
2025-10-31 03:00:00,8.1,0.0
2025-10-31 04:00:00,7.0,0.0
2025-10-31 05:00:00,6.3,0.0
2025-10-31 06:00:00,5.7,0.0
2025-10-31 07:00:00,6.3,32.0
2025-10-31 08:00:00,6.3,133.0
2025-10-31 09:00:00,4.8,216.0
2025-10-31 10:00:00,5.0,286.0
2025-10-31 11:00:00,5.4,336.0
2025-10-31 12:00:00,6.9,314.0
2025-10-31 13:00:00,9.6,237.0
2025-10-31 14:00:00,8.8,124.0
2025-10-31 15:00:00,10.2,58.0
2025-10-31 16:00:00,11.0,8.0
2025-10-31 17:00:00,11.5,0.0
2025-10-31 18:00:00,11.9,0.0
2025-10-31 19:00:00,10.5,0.0
2025-10-31 20:00:00,11.6,0.0
2025-10-31 21:00:00,11.8,0.0
2025-10-31 22:00:00,11.1,0.0
2025-10-31 23:00:00,10.4,0.0
2025-11-01 00:00:00,10.1,0.0
2025-11-01 01:00:00,10.1,0.0
2025-11-01 02:00:00,10.3,0.0
2025-11-01 03:00:00,9.2,0.0
2025-11-01 04:00:00,9.0,0.0
2025-11-01 05:00:00,9.0,0.0
2025-11-01 06:00:00,8.2,0.0
2025-11-01 07:00:00,9.1,28.0
2025-11-01 08:00:00,9.8,128.0
2025-11-01 09:00:00,8.4,230.0
2025-11-01 10:00:00,7.9,298.0
2025-11-01 11:00:00,7.9,342.0
2025-11-01 12:00:00,9.2,326.0
2025-11-01 13:00:00,8.9,213.0
2025-11-01 14:00:00,9.9,88.0
2025-11-01 15:00:00,11.4,28.0
2025-11-01 16:00:00,11.8,3.0
2025-11-01 17:00:00,13.3,0.0
2025-11-01 18:00:00,15.7,0.0
2025-11-01 19:00:00,14.1,0.0
2025-11-01 20:00:00,13.3,0.0
2025-11-01 21:00:00,14.8,0.0
2025-11-01 22:00:00,12.5,0.0
2025-11-01 23:00:00,11.5,0.0
2025-11-02 00:00:00,8.8,0.0
2025-11-02 01:00:00,7.9,0.0
2025-11-02 02:00:00,6.4,0.0
2025-11-02 03:00:00,5.5,0.0
2025-11-02 04:00:00,6.9,0.0
2025-11-02 05:00:00,6.5,0.0
2025-11-02 06:00:00,5.0,0.0
2025-11-02 07:00:00,5.4,9.0
2025-11-02 08:00:00,6.7,57.0
2025-11-02 09:00:00,9.0,129.0
2025-11-02 10:00:00,9.2,172.0
2025-11-02 11:00:00,10.0,187.0
2025-11-02 12:00:00,9.2,159.0
2025-11-02 13:00:00,8.4,158.0
2025-11-02 14:00:00,6.8,115.0
2025-11-02 15:00:00,4.3,67.0
2025-11-02 16:00:00,5.2,6.0
2025-11-02 17:00:00,6.6,0.0
2025-11-02 18:00:00,3.6,0.0
2025-11-02 19:00:00,4.3,0.0
2025-11-02 20:00:00,6.6,0.0
2025-11-02 21:00:00,6.7,0.0
2025-11-02 22:00:00,6.5,0.0
2025-11-02 23:00:00,6.8,0.0
2025-11-03 00:00:00,5.9,0.0
2025-11-03 01:00:00,5.0,0.0
2025-11-03 02:00:00,7.1,0.0
2025-11-03 03:00:00,10.3,0.0
2025-11-03 04:00:00,14.1,0.0
2025-11-03 05:00:00,12.3,0.0
2025-11-03 06:00:00,11.5,0.0
2025-11-03 07:00:00,13.0,7.0
2025-11-03 08:00:00,15.9,56.0
2025-11-03 09:00:00,13.9,104.0
2025-11-03 10:00:00,17.5,241.0
2025-11-03 11:00:00,16.7,263.0
2025-11-03 12:00:00,15.3,291.0
2025-11-03 13:00:00,15.4,268.0
2025-11-03 14:00:00,11.0,178.0
2025-11-03 15:00:00,9.5,81.0
2025-11-03 16:00:00,9.0,6.0
2025-11-03 17:00:00,10.3,0.0
2025-11-03 18:00:00,13.5,0.0
2025-11-03 19:00:00,12.7,0.0
2025-11-03 20:00:00,12.0,0.0
2025-11-03 21:00:00,12.0,0.0
2025-11-03 22:00:00,12.9,0.0
2025-11-03 23:00:00,13.0,0.0
2025-11-04 00:00:00,11.2,0.0
2025-11-04 01:00:00,10.3,0.0
2025-11-04 02:00:00,10.9,0.0
2025-11-04 03:00:00,11.1,0.0
2025-11-04 04:00:00,11.5,0.0
2025-11-04 05:00:00,11.4,0.0
2025-11-04 06:00:00,10.3,0.0
2025-11-04 07:00:00,9.8,19.0
2025-11-04 08:00:00,9.5,72.0
2025-11-04 09:00:00,8.1,123.0
2025-11-04 10:00:00,7.9,202.0
2025-11-04 11:00:00,8.7,316.0
2025-11-04 12:00:00,9.0,315.0
2025-11-04 13:00:00,8.8,266.0
2025-11-04 14:00:00,8.3,179.0
2025-11-04 15:00:00,7.4,78.0
2025-11-04 16:00:00,8.8,5.0
2025-11-04 17:00:00,9.5,0.0
2025-11-04 18:00:00,9.0,0.0
2025-11-04 19:00:00,8.7,0.0
2025-11-04 20:00:00,9.5,0.0
2025-11-04 21:00:00,10.9,0.0
2025-11-04 22:00:00,11.9,0.0
2025-11-04 23:00:00,11.4,0.0
2025-11-05 00:00:00,11.0,0.0
2025-11-05 01:00:00,10.9,0.0
2025-11-05 02:00:00,11.3,0.0
2025-11-05 03:00:00,10.7,0.0
2025-11-05 04:00:00,11.1,0.0
2025-11-05 05:00:00,10.5,0.0
2025-11-05 06:00:00,10.8,0.0
2025-11-05 07:00:00,11.0,19.0
2025-11-05 08:00:00,10.5,119.0
2025-11-05 09:00:00,9.0,223.0
2025-11-05 10:00:00,8.8,302.0
2025-11-05 11:00:00,8.8,341.0
2025-11-05 12:00:00,7.5,333.0
2025-11-05 13:00:00,7.1,280.0
2025-11-05 14:00:00,10.4,190.0
2025-11-05 15:00:00,9.1,81.0
2025-11-05 16:00:00,8.8,5.0
2025-11-05 17:00:00,8.5,0.0
2025-11-05 18:00:00,8.9,0.0
2025-11-05 19:00:00,8.8,0.0
2025-11-05 20:00:00,8.9,0.0
2025-11-05 21:00:00,10.2,0.0
2025-11-05 22:00:00,10.1,0.0
2025-11-05 23:00:00,10.4,0.0
2025-11-06 00:00:00,9.5,0.0
2025-11-06 01:00:00,9.2,0.0
2025-11-06 02:00:00,9.6,0.0
2025-11-06 03:00:00,10.5,0.0
2025-11-06 04:00:00,11.1,0.0
2025-11-06 05:00:00,10.9,0.0
2025-11-06 06:00:00,10.9,0.0
2025-11-06 07:00:00,11.0,19.0
2025-11-06 08:00:00,11.6,118.0
2025-11-06 09:00:00,13.0,224.0
2025-11-06 10:00:00,12.6,303.0
2025-11-06 11:00:00,13.0,340.0
2025-11-06 12:00:00,12.0,332.0
2025-11-06 13:00:00,11.1,280.0
2025-11-06 14:00:00,11.9,190.0
2025-11-06 15:00:00,11.3,79.0
2025-11-06 16:00:00,11.4,4.0
2025-11-06 17:00:00,11.7,0.0
2025-11-06 18:00:00,11.4,0.0
2025-11-06 19:00:00,10.8,0.0
2025-11-06 20:00:00,11.1,0.0
2025-11-06 21:00:00,12.6,0.0
2025-11-06 22:00:00,13.1,0.0
2025-11-06 23:00:00,12.4,0.0
2025-11-07 00:00:00,11.7,0.0
2025-11-07 01:00:00,11.8,0.0
2025-11-07 02:00:00,11.5,0.0
2025-11-07 03:00:00,11.4,0.0
2025-11-07 04:00:00,11.5,0.0
2025-11-07 05:00:00,11.8,0.0
2025-11-07 06:00:00,12.0,0.0
2025-11-07 07:00:00,11.4,17.0
2025-11-07 08:00:00,11.1,113.0
2025-11-07 09:00:00,8.9,218.0
2025-11-07 10:00:00,8.7,294.0
2025-11-07 11:00:00,8.8,332.0
2025-11-07 12:00:00,8.2,324.0
2025-11-07 13:00:00,8.8,271.0
2025-11-07 14:00:00,6.3,183.0
2025-11-07 15:00:00,5.3,74.0
2025-11-07 16:00:00,5.6,3.0
2025-11-07 17:00:00,5.1,0.0
2025-11-07 18:00:00,3.7,0.0
2025-11-07 19:00:00,4.8,0.0
2025-11-07 20:00:00,5.5,0.0
2025-11-07 21:00:00,6.7,0.0
2025-11-07 22:00:00,7.8,0.0
2025-11-07 23:00:00,8.2,0.0
2025-11-08 00:00:00,6.5,0.0
2025-11-08 01:00:00,6.5,0.0
2025-11-08 02:00:00,5.2,0.0
2025-11-08 03:00:00,5.1,0.0
2025-11-08 04:00:00,5.4,0.0
2025-11-08 05:00:00,5.4,0.0
2025-11-08 06:00:00,6.2,0.0
2025-11-08 07:00:00,8.4,15.0
2025-11-08 08:00:00,9.7,107.0
2025-11-08 09:00:00,6.8,210.0
2025-11-08 10:00:00,5.1,289.0
2025-11-08 11:00:00,4.7,326.0
2025-11-08 12:00:00,5.5,321.0
2025-11-08 13:00:00,5.4,220.0
2025-11-08 14:00:00,4.4,152.0
2025-11-08 15:00:00,3.6,69.0
2025-11-08 16:00:00,4.8,3.0
2025-11-08 17:00:00,6.6,0.0
2025-11-08 18:00:00,4.8,0.0
2025-11-08 19:00:00,4.0,0.0
2025-11-08 20:00:00,1.8,0.0
2025-11-08 21:00:00,0.8,0.0
2025-11-08 22:00:00,0.4,0.0
2025-11-08 23:00:00,0.0,0.0
2025-11-09 00:00:00,0.4,0.0
2025-11-09 01:00:00,0.9,0.0
2025-11-09 02:00:00,0.7,0.0
2025-11-09 03:00:00,2.6,0.0
2025-11-09 04:00:00,2.8,0.0
2025-11-09 05:00:00,4.0,0.0
2025-11-09 06:00:00,5.1,0.0
2025-11-09 07:00:00,4.7,7.0
2025-11-09 08:00:00,4.7,57.0
2025-11-09 09:00:00,4.1,104.0
2025-11-09 10:00:00,4.0,179.0
2025-11-09 11:00:00,2.8,193.0
2025-11-09 12:00:00,1.3,165.0
2025-11-09 13:00:00,1.5,91.0
2025-11-09 14:00:00,2.1,51.0
2025-11-09 15:00:00,1.4,18.0
2025-11-09 16:00:00,0.0,0.0
2025-11-09 17:00:00,2.3,0.0
2025-11-09 18:00:00,2.9,0.0
2025-11-09 19:00:00,3.3,0.0
2025-11-09 20:00:00,2.7,0.0
2025-11-09 21:00:00,2.5,0.0
2025-11-09 22:00:00,2.9,0.0
2025-11-09 23:00:00,4.2,0.0
2025-11-10 00:00:00,2.4,0.0
2025-11-10 01:00:00,2.3,0.0
2025-11-10 02:00:00,3.4,0.0
2025-11-10 03:00:00,5.1,0.0
2025-11-10 04:00:00,3.8,0.0
2025-11-10 05:00:00,1.2,0.0
2025-11-10 06:00:00,1.8,0.0
2025-11-10 07:00:00,5.2,4.0
2025-11-10 08:00:00,6.8,20.0
2025-11-10 09:00:00,6.7,57.0
2025-11-10 10:00:00,9.2,107.0
2025-11-10 11:00:00,10.0,141.0
2025-11-10 12:00:00,8.8,88.0
2025-11-10 13:00:00,7.1,55.0
2025-11-10 14:00:00,6.5,71.0
2025-11-10 15:00:00,5.8,32.0
2025-11-10 16:00:00,6.9,1.0
2025-11-10 17:00:00,6.6,0.0
2025-11-10 18:00:00,4.6,0.0
2025-11-10 19:00:00,4.8,0.0
2025-11-10 20:00:00,3.9,0.0
2025-11-10 21:00:00,3.0,0.0
2025-11-10 22:00:00,4.6,0.0
2025-11-10 23:00:00,7.4,0.0
2025-11-11 00:00:00,8.9,0.0
2025-11-11 01:00:00,8.7,0.0
2025-11-11 02:00:00,9.4,0.0
2025-11-11 03:00:00,10.5,0.0
2025-11-11 04:00:00,11.5,0.0
2025-11-11 05:00:00,10.9,0.0
2025-11-11 06:00:00,8.9,0.0
2025-11-11 07:00:00,8.3,1.0
2025-11-11 08:00:00,8.2,16.0
2025-11-11 09:00:00,7.4,41.0
2025-11-11 10:00:00,8.3,93.0
2025-11-11 11:00:00,11.6,154.0
2025-11-11 12:00:00,9.7,86.0
2025-11-11 13:00:00,9.3,106.0
2025-11-11 14:00:00,7.6,107.0
2025-11-11 15:00:00,7.5,51.0
2025-11-11 16:00:00,7.6,1.0
2025-11-11 17:00:00,7.4,0.0
2025-11-11 18:00:00,9.0,0.0
2025-11-11 19:00:00,5.4,0.0
2025-11-11 20:00:00,6.3,0.0
2025-11-11 21:00:00,7.3,0.0
2025-11-11 22:00:00,8.1,0.0
2025-11-11 23:00:00,8.2,0.0
2025-11-12 00:00:00,9.0,0.0
2025-11-12 01:00:00,7.9,0.0
2025-11-12 02:00:00,9.3,0.0
2025-11-12 03:00:00,8.4,0.0
2025-11-12 04:00:00,9.9,0.0
2025-11-12 05:00:00,9.4,0.0
2025-11-12 06:00:00,11.1,0.0
2025-11-12 07:00:00,11.1,6.0
2025-11-12 08:00:00,12.2,73.0
2025-11-12 09:00:00,10.0,159.0
2025-11-12 10:00:00,10.3,255.0
2025-11-12 11:00:00,9.8,286.0
2025-11-12 12:00:00,10.2,241.0
2025-11-12 13:00:00,10.2,221.0
2025-11-12 14:00:00,12.4,132.0
2025-11-12 15:00:00,12.5,47.0
2025-11-12 16:00:00,12.6,1.0
2025-11-12 17:00:00,12.4,0.0
2025-11-12 18:00:00,12.8,0.0
2025-11-12 19:00:00,12.8,0.0
2025-11-12 20:00:00,13.0,0.0
2025-11-12 21:00:00,12.7,0.0
2025-11-12 22:00:00,12.7,0.0
2025-11-12 23:00:00,12.1,0.0
2025-11-13 00:00:00,11.0,0.0
2025-11-13 01:00:00,11.1,0.0
2025-11-13 02:00:00,12.1,0.0
2025-11-13 03:00:00,12.1,0.0
2025-11-13 04:00:00,12.7,0.0
2025-11-13 05:00:00,13.2,0.0
2025-11-13 06:00:00,13.0,0.0
2025-11-13 07:00:00,13.9,7.0
2025-11-13 08:00:00,15.1,73.0
2025-11-13 09:00:00,15.4,182.0
2025-11-13 10:00:00,14.3,252.0
2025-11-13 11:00:00,12.0,292.0
2025-11-13 12:00:00,9.1,280.0
2025-11-13 13:00:00,11.2,215.0
2025-11-13 14:00:00,10.8,130.0
2025-11-13 15:00:00,10.7,46.0
2025-11-13 16:00:00,11.6,1.0
2025-11-13 17:00:00,12.2,0.0
2025-11-13 18:00:00,13.0,0.0
2025-11-13 19:00:00,13.1,0.0
2025-11-13 20:00:00,12.5,0.0
2025-11-13 21:00:00,11.8,0.0
2025-11-13 22:00:00,11.1,0.0
2025-11-13 23:00:00,9.0,0.0
2025-11-14 00:00:00,8.0,0.0
2025-11-14 01:00:00,7.4,0.0
2025-11-14 02:00:00,8.1,0.0
2025-11-14 03:00:00,5.8,0.0
2025-11-14 04:00:00,3.2,0.0
2025-11-14 05:00:00,4.2,0.0
2025-11-14 06:00:00,3.2,0.0
2025-11-14 07:00:00,7.6,1.0
2025-11-14 08:00:00,9.1,18.0
2025-11-14 09:00:00,8.7,69.0
2025-11-14 10:00:00,4.9,74.0
2025-11-14 11:00:00,4.1,97.0
2025-11-14 12:00:00,3.5,117.0
2025-11-14 13:00:00,7.8,58.0
2025-11-14 14:00:00,9.1,52.0
2025-11-14 15:00:00,8.9,21.0
2025-11-14 16:00:00,10.7,0.0
2025-11-14 17:00:00,12.3,0.0
2025-11-14 18:00:00,10.8,0.0
2025-11-14 19:00:00,11.7,0.0
2025-11-14 20:00:00,12.4,0.0
2025-11-14 21:00:00,12.6,0.0
2025-11-14 22:00:00,15.3,0.0
2025-11-14 23:00:00,16.8,0.0
2025-11-15 00:00:00,16.3,0.0
2025-11-15 01:00:00,15.8,0.0
2025-11-15 02:00:00,15.5,0.0
2025-11-15 03:00:00,14.1,0.0
2025-11-15 04:00:00,16.8,0.0
2025-11-15 05:00:00,16.6,0.0
2025-11-15 06:00:00,16.3,0.0
2025-11-15 07:00:00,19.0,1.0
2025-11-15 08:00:00,19.1,9.0
2025-11-15 09:00:00,18.1,17.0
2025-11-15 10:00:00,17.7,32.0
2025-11-15 11:00:00,17.5,39.0
2025-11-15 12:00:00,16.4,26.0
2025-11-15 13:00:00,17.8,27.0
2025-11-15 14:00:00,16.5,22.0
2025-11-15 15:00:00,16.4,7.0
2025-11-15 16:00:00,16.9,0.0
2025-11-15 17:00:00,18.4,0.0
2025-11-15 18:00:00,17.4,0.0
2025-11-15 19:00:00,18.4,0.0
2025-11-15 20:00:00,16.8,0.0
2025-11-15 21:00:00,16.8,0.0
2025-11-15 22:00:00,13.7,0.0
2025-11-15 23:00:00,13.1,0.0
2025-11-16 00:00:00,12.5,0.0
2025-11-16 01:00:00,9.8,0.0
2025-11-16 02:00:00,11.5,0.0
2025-11-16 03:00:00,8.3,0.0
2025-11-16 04:00:00,5.7,0.0
2025-11-16 05:00:00,6.0,0.0
2025-11-16 06:00:00,2.2,0.0
2025-11-16 07:00:00,6.2,4.0
2025-11-16 08:00:00,6.7,62.0
2025-11-16 09:00:00,6.6,159.0
2025-11-16 10:00:00,7.3,215.0
2025-11-16 11:00:00,7.7,152.0
2025-11-16 12:00:00,8.2,129.0
2025-11-16 13:00:00,8.3,66.0
2025-11-16 14:00:00,9.5,25.0
2025-11-16 15:00:00,11.2,9.0
2025-11-16 16:00:00,10.3,0.0
2025-11-16 17:00:00,10.5,0.0
2025-11-16 18:00:00,10.4,0.0
2025-11-16 19:00:00,9.8,0.0
2025-11-16 20:00:00,10.4,0.0
2025-11-16 21:00:00,9.4,0.0
2025-11-16 22:00:00,8.4,0.0
2025-11-16 23:00:00,8.4,0.0
2025-11-17 00:00:00,9.5,0.0
2025-11-17 01:00:00,8.8,0.0
2025-11-17 02:00:00,8.6,0.0
2025-11-17 03:00:00,9.6,0.0
2025-11-17 04:00:00,9.6,0.0
2025-11-17 05:00:00,10.9,0.0
2025-11-17 06:00:00,11.1,0.0
2025-11-17 07:00:00,11.0,1.0
2025-11-17 08:00:00,10.3,14.0
2025-11-17 09:00:00,11.6,55.0
2025-11-17 10:00:00,11.9,100.0
2025-11-17 11:00:00,10.4,107.0
2025-11-17 12:00:00,12.4,176.0
2025-11-17 13:00:00,10.6,160.0
2025-11-17 14:00:00,13.0,109.0
2025-11-17 15:00:00,8.5,32.0
2025-11-17 16:00:00,10.1,0.0
2025-11-17 17:00:00,12.6,0.0
2025-11-17 18:00:00,14.9,0.0
2025-11-17 19:00:00,14.0,0.0
2025-11-17 20:00:00,13.5,0.0
2025-11-17 21:00:00,13.1,0.0
2025-11-17 22:00:00,13.1,0.0
2025-11-17 23:00:00,13.3,0.0
2025-11-18 00:00:00,13.6,0.0
2025-11-18 01:00:00,14.5,0.0
2025-11-18 02:00:00,16.0,0.0
2025-11-18 03:00:00,15.5,0.0
2025-11-18 04:00:00,15.2,0.0
2025-11-18 05:00:00,15.4,0.0
2025-11-18 06:00:00,14.6,0.0
2025-11-18 07:00:00,14.8,3.0
2025-11-18 08:00:00,15.9,59.0
2025-11-18 09:00:00,13.7,119.0
2025-11-18 10:00:00,21.5,160.0
2025-11-18 11:00:00,20.1,193.0
2025-11-18 12:00:00,17.6,130.0
2025-11-18 13:00:00,16.1,99.0
2025-11-18 14:00:00,14.3,82.0
2025-11-18 15:00:00,13.5,28.0
2025-11-18 16:00:00,14.4,0.0
2025-11-18 17:00:00,14.4,0.0
2025-11-18 18:00:00,13.4,0.0
2025-11-18 19:00:00,13.7,0.0
2025-11-18 20:00:00,14.8,0.0
2025-11-18 21:00:00,15.8,0.0
2025-11-18 22:00:00,14.6,0.0
2025-11-18 23:00:00,16.0,0.0
2025-11-19 00:00:00,17.2,0.0
2025-11-19 01:00:00,15.9,0.0
2025-11-19 02:00:00,14.7,0.0
2025-11-19 03:00:00,14.3,0.0
2025-11-19 04:00:00,13.3,0.0
2025-11-19 05:00:00,12.1,0.0
2025-11-19 06:00:00,11.1,0.0
2025-11-19 07:00:00,10.9,2.0
2025-11-19 08:00:00,11.6,53.0
2025-11-19 09:00:00,11.5,150.0
2025-11-19 10:00:00,11.1,210.0
2025-11-19 11:00:00,11.7,263.0
2025-11-19 12:00:00,10.8,259.0
2025-11-19 13:00:00,13.0,228.0
2025-11-19 14:00:00,13.1,54.0
2025-11-19 15:00:00,14.2,16.0
2025-11-19 16:00:00,14.9,0.0
2025-11-19 17:00:00,15.2,0.0
2025-11-19 18:00:00,12.3,0.0
2025-11-19 19:00:00,9.7,0.0
2025-11-19 20:00:00,9.6,0.0
2025-11-19 21:00:00,11.1,0.0
2025-11-19 22:00:00,12.6,0.0
2025-11-19 23:00:00,12.2,0.0
2025-11-20 00:00:00,13.2,0.0
2025-11-20 01:00:00,12.6,0.0
2025-11-20 02:00:00,11.5,0.0
2025-11-20 03:00:00,12.6,0.0
2025-11-20 04:00:00,12.8,0.0
2025-11-20 05:00:00,13.2,0.0
2025-11-20 06:00:00,12.2,0.0
2025-11-20 07:00:00,12.3,1.0
2025-11-20 08:00:00,13.9,24.0
2025-11-20 09:00:00,14.0,43.0
2025-11-20 10:00:00,9.3,97.0
2025-11-20 11:00:00,11.1,52.0
2025-11-20 12:00:00,12.6,77.0
2025-11-20 13:00:00,14.4,25.0
2025-11-20 14:00:00,12.6,23.0
2025-11-20 15:00:00,18.6,9.0
2025-11-20 16:00:00,17.6,0.0
2025-11-20 17:00:00,16.6,0.0
2025-11-20 18:00:00,14.9,0.0
2025-11-20 19:00:00,15.8,0.0
2025-11-20 20:00:00,15.4,0.0
2025-11-20 21:00:00,14.1,0.0
2025-11-20 22:00:00,12.1,0.0
2025-11-20 23:00:00,10.7,0.0
2025-11-21 00:00:00,9.2,0.0
2025-11-21 01:00:00,9.4,0.0
2025-11-21 02:00:00,8.6,0.0
2025-11-21 03:00:00,8.3,0.0
2025-11-21 04:00:00,8.3,0.0
2025-11-21 05:00:00,8.1,0.0
2025-11-21 06:00:00,9.4,0.0
2025-11-21 07:00:00,8.8,2.0
2025-11-21 08:00:00,6.9,62.0
2025-11-21 09:00:00,7.4,159.0
2025-11-21 10:00:00,8.0,236.0
2025-11-21 11:00:00,7.8,275.0
2025-11-21 12:00:00,8.0,271.0
2025-11-21 13:00:00,9.2,219.0
2025-11-21 14:00:00,8.9,132.0
2025-11-21 15:00:00,7.8,36.0
2025-11-21 16:00:00,7.7,0.0
2025-11-21 17:00:00,8.8,0.0
2025-11-21 18:00:00,8.7,0.0
2025-11-21 19:00:00,7.7,0.0
2025-11-21 20:00:00,7.2,0.0
2025-11-21 21:00:00,6.7,0.0
2025-11-21 22:00:00,6.8,0.0
2025-11-21 23:00:00,7.4,0.0
2025-11-22 00:00:00,8.2,0.0
2025-11-22 01:00:00,6.7,0.0
2025-11-22 02:00:00,6.3,0.0
2025-11-22 03:00:00,6.5,0.0
2025-11-22 04:00:00,5.2,0.0
2025-11-22 05:00:00,5.4,0.0
2025-11-22 06:00:00,6.7,0.0
2025-11-22 07:00:00,5.7,1.0
2025-11-22 08:00:00,8.5,59.0
2025-11-22 09:00:00,6.2,155.0
2025-11-22 10:00:00,6.1,234.0
2025-11-22 11:00:00,6.1,271.0
2025-11-22 12:00:00,5.7,265.0
2025-11-22 13:00:00,6.7,215.0
2025-11-22 14:00:00,6.3,130.0
2025-11-22 15:00:00,8.1,35.0
2025-11-22 16:00:00,10.0,0.0
2025-11-22 17:00:00,9.8,0.0
2025-11-22 18:00:00,9.9,0.0
2025-11-22 19:00:00,9.6,0.0
2025-11-22 20:00:00,9.2,0.0
2025-11-22 21:00:00,8.6,0.0
2025-11-22 22:00:00,7.8,0.0
2025-11-22 23:00:00,7.3,0.0
2025-11-23 00:00:00,7.6,0.0
2025-11-23 01:00:00,7.8,0.0
2025-11-23 02:00:00,7.4,0.0
2025-11-23 03:00:00,7.6,0.0
2025-11-23 04:00:00,9.3,0.0
2025-11-23 05:00:00,9.5,0.0
2025-11-23 06:00:00,9.4,0.0
2025-11-23 07:00:00,9.2,1.0
2025-11-23 08:00:00,7.9,41.0
2025-11-23 09:00:00,7.7,111.0
2025-11-23 10:00:00,7.9,192.0
2025-11-23 11:00:00,10.2,237.0
2025-11-23 12:00:00,11.8,259.0
2025-11-23 13:00:00,11.6,210.0
2025-11-23 14:00:00,11.3,129.0
2025-11-23 15:00:00,11.9,35.0
2025-11-23 16:00:00,13.4,0.0
2025-11-23 17:00:00,13.4,0.0
2025-11-23 18:00:00,13.8,0.0
2025-11-23 19:00:00,13.6,0.0
2025-11-23 20:00:00,13.7,0.0
2025-11-23 21:00:00,13.8,0.0
2025-11-23 22:00:00,13.4,0.0
2025-11-23 23:00:00,12.5,0.0
2025-11-24 00:00:00,17.6,0.0
2025-11-24 01:00:00,17.8,0.0
2025-11-24 02:00:00,13.3,0.0
2025-11-24 03:00:00,12.5,0.0
2025-11-24 04:00:00,11.7,0.0
2025-11-24 05:00:00,10.2,0.0
2025-11-24 06:00:00,10.4,0.0
2025-11-24 07:00:00,11.9,0.0
2025-11-24 08:00:00,12.2,12.0
2025-11-24 09:00:00,11.4,43.0
2025-11-24 10:00:00,10.4,45.0
2025-11-24 11:00:00,9.2,168.0
2025-11-24 12:00:00,7.5,231.0
2025-11-24 13:00:00,7.8,189.0
2025-11-24 14:00:00,8.3,106.0
2025-11-24 15:00:00,7.7,25.0
2025-11-24 16:00:00,8.2,0.0
2025-11-24 17:00:00,7.9,0.0
2025-11-24 18:00:00,8.9,0.0
2025-11-24 19:00:00,8.0,0.0
2025-11-24 20:00:00,9.2,0.0
2025-11-24 21:00:00,9.1,0.0
2025-11-24 22:00:00,8.2,0.0
2025-11-24 23:00:00,8.7,0.0
2025-11-25 00:00:00,6.4,0.0
2025-11-25 01:00:00,7.7,0.0
2025-11-25 02:00:00,8.2,0.0
2025-11-25 03:00:00,6.2,0.0
2025-11-25 04:00:00,6.4,0.0
2025-11-25 05:00:00,7.4,0.0
2025-11-25 06:00:00,6.2,0.0
2025-11-25 07:00:00,6.0,0.0
2025-11-25 08:00:00,7.1,15.0
2025-11-25 09:00:00,7.4,52.0
2025-11-25 10:00:00,6.4,106.0
2025-11-25 11:00:00,5.6,146.0
2025-11-25 12:00:00,4.6,156.0
2025-11-25 13:00:00,4.6,87.0
2025-11-25 14:00:00,5.9,28.0
2025-11-25 15:00:00,8.5,7.0
2025-11-25 16:00:00,8.4,0.0
2025-11-25 17:00:00,8.6,0.0
2025-11-25 18:00:00,7.8,0.0
2025-11-25 19:00:00,8.9,0.0
2025-11-25 20:00:00,8.6,0.0
2025-11-25 21:00:00,8.4,0.0
2025-11-25 22:00:00,7.7,0.0
2025-11-25 23:00:00,8.1,0.0
2025-11-26 00:00:00,8.8,0.0
2025-11-26 01:00:00,10.1,0.0
2025-11-26 02:00:00,10.8,0.0
2025-11-26 03:00:00,8.3,0.0
2025-11-26 04:00:00,9.9,0.0
2025-11-26 05:00:00,10.4,0.0
2025-11-26 06:00:00,10.1,0.0
2025-11-26 07:00:00,9.0,0.0
2025-11-26 08:00:00,10.3,39.0
2025-11-26 09:00:00,10.1,111.0
2025-11-26 10:00:00,15.2,160.0
2025-11-26 11:00:00,12.9,149.0
2025-11-26 12:00:00,12.8,116.0
2025-11-26 13:00:00,14.4,106.0
2025-11-26 14:00:00,12.6,61.0
2025-11-26 15:00:00,12.5,27.0
2025-11-26 16:00:00,11.7,0.0
2025-11-26 17:00:00,12.1,0.0
2025-11-26 18:00:00,12.5,0.0
2025-11-26 19:00:00,11.6,0.0
2025-11-26 20:00:00,11.7,0.0
2025-11-26 21:00:00,11.1,0.0
2025-11-26 22:00:00,10.3,0.0
2025-11-26 23:00:00,10.1,0.0
2025-11-27 00:00:00,10.3,0.0
2025-11-27 01:00:00,12.3,0.0
2025-11-27 02:00:00,11.0,0.0
2025-11-27 03:00:00,12.3,0.0
2025-11-27 04:00:00,12.6,0.0
2025-11-27 05:00:00,13.2,0.0
2025-11-27 06:00:00,11.4,0.0
2025-11-27 07:00:00,10.6,0.0
2025-11-27 08:00:00,9.0,24.0
2025-11-27 09:00:00,10.1,100.0
2025-11-27 10:00:00,9.6,182.0
2025-11-27 11:00:00,8.8,238.0
2025-11-27 12:00:00,10.5,237.0
2025-11-27 13:00:00,11.5,152.0
2025-11-27 14:00:00,13.4,78.0
2025-11-27 15:00:00,13.7,23.0
2025-11-27 16:00:00,14.0,0.0
2025-11-27 17:00:00,14.5,0.0
2025-11-27 18:00:00,15.4,0.0
2025-11-27 19:00:00,14.1,0.0
2025-11-27 20:00:00,15.5,0.0
2025-11-27 21:00:00,13.9,0.0
2025-11-27 22:00:00,13.3,0.0
2025-11-27 23:00:00,13.3,0.0
2025-11-28 00:00:00,12.4,0.0
2025-11-28 01:00:00,12.7,0.0
2025-11-28 02:00:00,12.8,0.0
2025-11-28 03:00:00,12.6,0.0
2025-11-28 04:00:00,12.2,0.0
2025-11-28 05:00:00,11.4,0.0
2025-11-28 06:00:00,10.3,0.0
2025-11-28 07:00:00,10.4,0.0
2025-11-28 08:00:00,11.1,12.0
2025-11-28 09:00:00,9.9,32.0
2025-11-28 10:00:00,8.5,36.0
2025-11-28 11:00:00,8.6,37.0
2025-11-28 12:00:00,9.2,24.0
2025-11-28 13:00:00,8.0,45.0
2025-11-28 14:00:00,9.7,26.0
2025-11-28 15:00:00,9.9,5.0
2025-11-28 16:00:00,9.2,0.0
2025-11-28 17:00:00,10.1,0.0
2025-11-28 18:00:00,11.3,0.0
2025-11-28 19:00:00,10.7,0.0
2025-11-28 20:00:00,10.8,0.0
2025-11-28 21:00:00,11.3,0.0
2025-11-28 22:00:00,12.2,0.0
2025-11-28 23:00:00,12.2,0.0
2025-11-29 00:00:00,9.7,0.0
2025-11-29 01:00:00,9.2,0.0
2025-11-29 02:00:00,8.4,0.0
2025-11-29 03:00:00,8.2,0.0
2025-11-29 04:00:00,8.1,0.0
2025-11-29 05:00:00,7.7,0.0
2025-11-29 06:00:00,5.8,0.0
2025-11-29 07:00:00,4.6,0.0
2025-11-29 08:00:00,6.1,16.0
2025-11-29 09:00:00,6.3,46.0
2025-11-29 10:00:00,6.1,64.0
2025-11-29 11:00:00,7.7,80.0
2025-11-29 12:00:00,7.9,81.0
2025-11-29 13:00:00,8.1,58.0
2025-11-29 14:00:00,8.3,31.0
2025-11-29 15:00:00,6.8,16.0
2025-11-29 16:00:00,9.3,0.0
2025-11-29 17:00:00,11.5,0.0
2025-11-29 18:00:00,10.5,0.0
2025-11-29 19:00:00,10.7,0.0
2025-11-29 20:00:00,11.9,0.0
2025-11-29 21:00:00,13.0,0.0
2025-11-29 22:00:00,12.9,0.0
2025-11-29 23:00:00,12.4,0.0
2025-11-30 00:00:00,11.9,0.0
2025-11-30 01:00:00,12.3,0.0
2025-11-30 02:00:00,12.1,0.0
2025-11-30 03:00:00,11.8,0.0
2025-11-30 04:00:00,11.9,0.0
2025-11-30 05:00:00,13.0,0.0
2025-11-30 06:00:00,13.0,0.0
2025-11-30 07:00:00,12.5,0.0
2025-11-30 08:00:00,12.7,29.0
2025-11-30 09:00:00,11.6,94.0
2025-11-30 10:00:00,10.1,117.0
2025-11-30 11:00:00,9.5,137.0
2025-11-30 12:00:00,6.8,187.0
2025-11-30 13:00:00,5.8,130.0
2025-11-30 14:00:00,6.7,69.0
2025-11-30 15:00:00,6.0,17.0
2025-11-30 16:00:00,7.3,0.0
2025-11-30 17:00:00,8.1,0.0
2025-11-30 18:00:00,8.9,0.0
2025-11-30 19:00:00,8.2,0.0
2025-11-30 20:00:00,8.4,0.0
2025-11-30 21:00:00,9.7,0.0
2025-11-30 22:00:00,11.0,0.0
2025-11-30 23:00:00,10.3,0.0
2025-12-01 00:00:00,9.4,0.0
2025-12-01 01:00:00,9.7,0.0
2025-12-01 02:00:00,10.4,0.0
2025-12-01 03:00:00,9.9,0.0
2025-12-01 04:00:00,9.5,0.0
2025-12-01 05:00:00,9.0,0.0
2025-12-01 06:00:00,8.8,0.0
2025-12-01 07:00:00,9.1,0.0
2025-12-01 08:00:00,9.1,22.0
2025-12-01 09:00:00,7.5,70.0
2025-12-01 10:00:00,6.8,145.0
2025-12-01 11:00:00,7.8,199.0
2025-12-01 12:00:00,6.9,195.0
2025-12-01 13:00:00,7.6,171.0
2025-12-01 14:00:00,8.1,93.0
2025-12-01 15:00:00,9.5,21.0
2025-12-01 16:00:00,10.8,0.0
2025-12-01 17:00:00,11.0,0.0
2025-12-01 18:00:00,11.7,0.0
2025-12-01 19:00:00,11.2,0.0
2025-12-01 20:00:00,11.7,0.0
2025-12-01 21:00:00,11.4,0.0
2025-12-01 22:00:00,11.8,0.0
2025-12-01 23:00:00,11.8,0.0
2025-12-02 00:00:00,12.0,0.0
2025-12-02 01:00:00,11.6,0.0
2025-12-02 02:00:00,11.2,0.0
2025-12-02 03:00:00,11.5,0.0
2025-12-02 04:00:00,12.3,0.0
2025-12-02 05:00:00,11.6,0.0
2025-12-02 06:00:00,11.6,0.0
2025-12-02 07:00:00,10.5,0.0
2025-12-02 08:00:00,12.0,32.0
2025-12-02 09:00:00,13.2,92.0
2025-12-02 10:00:00,13.5,145.0
2025-12-02 11:00:00,12.2,190.0
2025-12-02 12:00:00,11.5,194.0
2025-12-02 13:00:00,11.6,159.0
2025-12-02 14:00:00,9.9,103.0
2025-12-02 15:00:00,10.2,23.0
2025-12-02 16:00:00,11.0,0.0
2025-12-02 17:00:00,10.9,0.0
2025-12-02 18:00:00,12.7,0.0
2025-12-02 19:00:00,11.9,0.0
2025-12-02 20:00:00,11.1,0.0
2025-12-02 21:00:00,9.4,0.0
2025-12-02 22:00:00,8.7,0.0
2025-12-02 23:00:00,8.3,0.0
2025-12-03 00:00:00,8.6,0.0
2025-12-03 01:00:00,8.3,0.0
2025-12-03 02:00:00,8.6,0.0
2025-12-03 03:00:00,9.0,0.0
2025-12-03 04:00:00,8.9,0.0
2025-12-03 05:00:00,9.1,0.0
2025-12-03 06:00:00,8.4,0.0
2025-12-03 07:00:00,8.8,0.0
2025-12-03 08:00:00,9.2,16.0
2025-12-03 09:00:00,7.6,73.0
2025-12-03 10:00:00,6.5,118.0
2025-12-03 11:00:00,6.4,126.0
2025-12-03 12:00:00,7.8,126.0
2025-12-03 13:00:00,8.1,96.0
2025-12-03 14:00:00,8.3,74.0
2025-12-03 15:00:00,8.8,15.0
2025-12-03 16:00:00,9.7,0.0
2025-12-03 17:00:00,10.3,0.0
2025-12-03 18:00:00,10.3,0.0
2025-12-03 19:00:00,9.8,0.0
2025-12-03 20:00:00,8.9,0.0
2025-12-03 21:00:00,8.0,0.0
2025-12-03 22:00:00,8.8,0.0
2025-12-03 23:00:00,8.9,0.0
2025-12-04 00:00:00,8.3,0.0
2025-12-04 01:00:00,7.8,0.0
2025-12-04 02:00:00,8.0,0.0
2025-12-04 03:00:00,9.3,0.0
2025-12-04 04:00:00,9.7,0.0
2025-12-04 05:00:00,9.5,0.0
2025-12-04 06:00:00,10.3,0.0
2025-12-04 07:00:00,9.3,0.0
2025-12-04 08:00:00,9.3,20.0
2025-12-04 09:00:00,9.3,89.0
2025-12-04 10:00:00,9.5,134.0
2025-12-04 11:00:00,7.4,175.0
2025-12-04 12:00:00,10.6,195.0
2025-12-04 13:00:00,12.1,167.0
2025-12-04 14:00:00,9.3,96.0
2025-12-04 15:00:00,10.3,19.0
2025-12-04 16:00:00,10.1,0.0
2025-12-04 17:00:00,9.1,0.0
2025-12-04 18:00:00,10.2,0.0
2025-12-04 19:00:00,10.3,0.0
2025-12-04 20:00:00,10.1,0.0
2025-12-04 21:00:00,9.2,0.0
2025-12-04 22:00:00,9.6,0.0
2025-12-04 23:00:00,9.2,0.0
2025-12-05 00:00:00,8.9,0.0
2025-12-05 01:00:00,7.6,0.0
2025-12-05 02:00:00,6.5,0.0
2025-12-05 03:00:00,5.6,0.0
2025-12-05 04:00:00,3.9,0.0
2025-12-05 05:00:00,5.9,0.0
2025-12-05 06:00:00,5.8,0.0
2025-12-05 07:00:00,6.5,0.0
2025-12-05 08:00:00,4.6,2.0
2025-12-05 09:00:00,5.1,14.0
2025-12-05 10:00:00,5.6,37.0
2025-12-05 11:00:00,3.1,16.0
2025-12-05 12:00:00,2.2,39.0
2025-12-05 13:00:00,3.7,24.0
2025-12-05 14:00:00,5.3,30.0
2025-12-05 15:00:00,5.5,6.0
2025-12-05 16:00:00,10.0,0.0
2025-12-05 17:00:00,8.6,0.0
2025-12-05 18:00:00,6.0,0.0
2025-12-05 19:00:00,7.3,0.0
2025-12-05 20:00:00,7.0,0.0
2025-12-05 21:00:00,7.3,0.0
2025-12-05 22:00:00,6.7,0.0
2025-12-05 23:00:00,6.1,0.0
2025-12-06 00:00:00,6.8,0.0
2025-12-06 01:00:00,7.6,0.0
2025-12-06 02:00:00,8.3,0.0
2025-12-06 03:00:00,7.9,0.0
2025-12-06 04:00:00,8.5,0.0
2025-12-06 05:00:00,9.6,0.0
2025-12-06 06:00:00,11.4,0.0
2025-12-06 07:00:00,11.4,0.0
2025-12-06 08:00:00,12.9,23.0
2025-12-06 09:00:00,13.6,84.0
2025-12-06 10:00:00,10.4,106.0
2025-12-06 11:00:00,11.9,134.0
2025-12-06 12:00:00,13.3,103.0
2025-12-06 13:00:00,12.0,64.0
2025-12-06 14:00:00,13.1,31.0
2025-12-06 15:00:00,12.1,10.0
2025-12-06 16:00:00,13.4,0.0
2025-12-06 17:00:00,12.9,0.0
2025-12-06 18:00:00,11.8,0.0
2025-12-06 19:00:00,11.5,0.0
2025-12-06 20:00:00,11.5,0.0
2025-12-06 21:00:00,11.7,0.0
2025-12-06 22:00:00,9.9,0.0
2025-12-06 23:00:00,10.4,0.0
2025-12-07 00:00:00,11.1,0.0
2025-12-07 01:00:00,11.0,0.0
2025-12-07 02:00:00,11.3,0.0
2025-12-07 03:00:00,11.9,0.0
2025-12-07 04:00:00,12.2,0.0
2025-12-07 05:00:00,12.6,0.0
2025-12-07 06:00:00,11.2,0.0
2025-12-07 07:00:00,10.8,0.0
2025-12-07 08:00:00,12.3,22.0
2025-12-07 09:00:00,11.9,88.0
2025-12-07 10:00:00,11.5,129.0
2025-12-07 11:00:00,9.9,156.0
2025-12-07 12:00:00,8.6,193.0
2025-12-07 13:00:00,9.1,155.0
2025-12-07 14:00:00,7.7,79.0
2025-12-07 15:00:00,8.1,17.0
2025-12-07 16:00:00,9.6,0.0
2025-12-07 17:00:00,10.3,0.0
2025-12-07 18:00:00,10.1,0.0
2025-12-07 19:00:00,10.0,0.0
2025-12-07 20:00:00,11.6,0.0
2025-12-07 21:00:00,12.9,0.0
2025-12-07 22:00:00,13.3,0.0
2025-12-07 23:00:00,14.9,0.0
2025-12-08 00:00:00,15.7,0.0
2025-12-08 01:00:00,16.7,0.0
2025-12-08 02:00:00,17.0,0.0
2025-12-08 03:00:00,17.1,0.0
2025-12-08 04:00:00,16.6,0.0
2025-12-08 05:00:00,15.8,0.0
2025-12-08 06:00:00,14.5,0.0
2025-12-08 07:00:00,15.6,0.0
2025-12-08 08:00:00,16.9,17.0
2025-12-08 09:00:00,16.6,76.0
2025-12-08 10:00:00,16.3,121.0
2025-12-08 11:00:00,15.9,197.0
2025-12-08 12:00:00,11.1,202.0
2025-12-08 13:00:00,11.5,117.0
2025-12-08 14:00:00,11.2,89.0
2025-12-08 15:00:00,10.7,11.0
2025-12-08 16:00:00,12.7,0.0
2025-12-08 17:00:00,13.0,0.0
2025-12-08 18:00:00,13.2,0.0
2025-12-08 19:00:00,15.0,0.0
2025-12-08 20:00:00,15.3,0.0
2025-12-08 21:00:00,12.0,0.0
2025-12-08 22:00:00,15.4,0.0
2025-12-08 23:00:00,15.4,0.0
2025-12-09 00:00:00,13.0,0.0
2025-12-09 01:00:00,11.8,0.0
2025-12-09 02:00:00,10.4,0.0
2025-12-09 03:00:00,9.4,0.0
2025-12-09 04:00:00,11.3,0.0
2025-12-09 05:00:00,12.6,0.0
2025-12-09 06:00:00,9.8,0.0
2025-12-09 07:00:00,11.2,0.0
2025-12-09 08:00:00,11.5,13.0
2025-12-09 09:00:00,11.7,33.0
2025-12-09 10:00:00,10.7,57.0
2025-12-09 11:00:00,10.7,32.0
2025-12-09 12:00:00,9.8,60.0
2025-12-09 13:00:00,8.7,46.0
2025-12-09 14:00:00,7.8,20.0
2025-12-09 15:00:00,6.8,4.0
2025-12-09 16:00:00,7.6,0.0
2025-12-09 17:00:00,8.3,0.0
2025-12-09 18:00:00,10.2,0.0
2025-12-09 19:00:00,9.8,0.0
2025-12-09 20:00:00,11.8,0.0
2025-12-09 21:00:00,11.7,0.0
2025-12-09 22:00:00,11.2,0.0
2025-12-09 23:00:00,11.2,0.0
2025-12-10 00:00:00,10.9,0.0
2025-12-10 01:00:00,11.2,0.0
2025-12-10 02:00:00,11.2,0.0
2025-12-10 03:00:00,11.1,0.0
2025-12-10 04:00:00,13.1,0.0
2025-12-10 05:00:00,14.3,0.0
2025-12-10 06:00:00,12.5,0.0
2025-12-10 07:00:00,13.0,0.0
2025-12-10 08:00:00,13.0,13.0
2025-12-10 09:00:00,12.2,25.0
2025-12-10 10:00:00,12.7,39.0
2025-12-10 11:00:00,11.8,75.0
2025-12-10 12:00:00,11.0,51.0
2025-12-10 13:00:00,10.5,42.0
2025-12-10 14:00:00,11.1,23.0
2025-12-10 15:00:00,10.9,3.0
2025-12-10 16:00:00,11.8,0.0
2025-12-10 17:00:00,12.1,0.0
2025-12-10 18:00:00,11.3,0.0
2025-12-10 19:00:00,12.1,0.0
2025-12-10 20:00:00,12.9,0.0
2025-12-10 21:00:00,15.6,0.0
2025-12-10 22:00:00,14.2,0.0
2025-12-10 23:00:00,14.8,0.0
2025-12-11 00:00:00,13.4,0.0
2025-12-11 01:00:00,13.0,0.0
2025-12-11 02:00:00,13.9,0.0
2025-12-11 03:00:00,13.9,0.0
2025-12-11 04:00:00,14.0,0.0
2025-12-11 05:00:00,14.2,0.0
2025-12-11 06:00:00,13.2,0.0
2025-12-11 07:00:00,13.7,0.0
2025-12-11 08:00:00,15.0,19.0
2025-12-11 09:00:00,16.5,95.0
2025-12-11 10:00:00,16.6,162.0
2025-12-11 11:00:00,14.6,73.0
2025-12-11 12:00:00,12.4,106.0
2025-12-11 13:00:00,13.8,63.0
2025-12-11 14:00:00,12.7,64.0
2025-12-11 15:00:00,15.1,14.0
2025-12-11 16:00:00,13.0,0.0
2025-12-11 17:00:00,13.9,0.0
2025-12-11 18:00:00,12.2,0.0
2025-12-11 19:00:00,11.9,0.0
2025-12-11 20:00:00,11.7,0.0
2025-12-11 21:00:00,12.4,0.0
2025-12-11 22:00:00,12.3,0.0
2025-12-11 23:00:00,11.9,0.0
