,value
2025-09-13 12:00:00,46.35103327625812
2025-09-13 13:00:00,46.44070239283353
2025-09-13 14:00:00,43.33866841096739
2025-09-13 15:00:00,39.64864637682293
2025-09-13 16:00:00,41.16969631305377
2025-09-13 17:00:00,29.060264763133574
2025-09-13 18:00:00,36.15183459046598
2025-09-13 19:00:00,37.2137403576001
2025-09-13 20:00:00,34.32576374071841
2025-09-13 21:00:00,44.684609841450694
2025-09-13 22:00:00,43.75514914544163
2025-09-13 23:00:00,44.7183870187043
2025-09-14 00:00:00,44.51396516642222
2025-09-14 01:00:00,38.43664838823403
2025-09-14 02:00:00,49.07288313444198
2025-09-14 03:00:00,56.33499329614542
2025-09-14 04:00:00,55.686993254167994
2025-09-14 05:00:00,55.019468537707304
2025-09-14 06:00:00,47.057449778348314
2025-09-14 07:00:00,56.40225735620188
2025-09-14 08:00:00,55.85147942567329
2025-09-14 09:00:00,52.935547014218024
2025-09-14 10:00:00,55.09998750522261
2025-09-14 11:00:00,54.229083948988915
2025-09-14 12:00:00,38.18811486660898
2025-09-14 13:00:00,41.51211175925979
2025-09-14 14:00:00,39.83022266812356
2025-09-14 15:00:00,46.9803675556747
2025-09-14 16:00:00,34.754092122814
2025-09-14 17:00:00,34.95820205017904
2025-09-14 18:00:00,37.25759929503295
2025-09-14 19:00:00,34.408126313385694
2025-09-14 20:00:00,38.60796825250219
2025-09-14 21:00:00,40.310422078334724
2025-09-14 22:00:00,38.00386555069733
2025-09-14 23:00:00,48.55946720494698
2025-09-15 00:00:00,46.83221674353169
2025-09-15 01:00:00,39.93333146343663
2025-09-15 02:00:00,43.84587409348487
2025-09-15 03:00:00,48.66408593721861
2025-09-15 04:00:00,52.99726814118356
2025-09-15 05:00:00,51.985733812405364
2025-09-15 06:00:00,56.540108020561696
2025-09-15 07:00:00,55.43141834781662
2025-09-15 08:00:00,50.097137572811704
2025-09-15 09:00:00,51.78005580997237
2025-09-15 10:00:00,39.9104212078513
2025-09-15 11:00:00,42.8935047779773
2025-09-15 12:00:00,39.41859895668861
2025-09-15 13:00:00,37.94338310962292
2025-09-15 14:00:00,36.66807803429508
2025-09-15 15:00:00,36.14039240193539
2025-09-15 16:00:00,27.224706224308818
2025-09-15 17:00:00,31.679378134625583
2025-09-15 18:00:00,30.442039785214778
2025-09-15 19:00:00,38.51176875569888
2025-09-15 20:00:00,29.73853612608734
2025-09-15 21:00:00,35.34525354574296
2025-09-15 22:00:00,38.3895996912394
2025-09-15 23:00:00,33.558687395471125
2025-09-16 00:00:00,33.050902258892904
2025-09-16 01:00:00,45.22386523366431
2025-09-16 02:00:00,38.599113502016166
2025-09-16 03:00:00,47.54625406571249
2025-09-16 04:00:00,45.06498370489533
2025-09-16 05:00:00,42.10343367306648
2025-09-16 06:00:00,52.61672569673945
2025-09-16 07:00:00,49.07792786133987
2025-09-16 08:00:00,41.02666106402501
2025-09-16 09:00:00,46.95195989063592
2025-09-16 10:00:00,42.30617012568096
2025-09-16 11:00:00,48.25516377130135
2025-09-16 12:00:00,42.42887576723931
2025-09-16 13:00:00,39.5417895159369
2025-09-16 14:00:00,33.77176604419672
2025-09-16 15:00:00,29.87031599527771
2025-09-16 16:00:00,27.35788519244326
2025-09-16 17:00:00,39.121319008928346
2025-09-16 18:00:00,30.178838094676518
2025-09-16 19:00:00,45.80154717276356
2025-09-16 20:00:00,20.273759227679527
2025-09-16 21:00:00,40.7134437302711
2025-09-16 22:00:00,35.845334691643515
2025-09-16 23:00:00,41.47335776811411
2025-09-17 00:00:00,37.807939513454336
2025-09-17 01:00:00,32.93365454160907
2025-09-17 02:00:00,46.18893003952037
2025-09-17 03:00:00,46.95606460615054
2025-09-17 04:00:00,53.36154511861041
2025-09-17 05:00:00,47.68406670143816
2025-09-17 06:00:00,47.16739629619146
2025-09-17 07:00:00,47.82277972676318
2025-09-17 08:00:00,55.48682143755423
2025-09-17 09:00:00,46.84230530668306
2025-09-17 10:00:00,45.23461682406216
2025-09-17 11:00:00,41.353043534933974
2025-09-17 12:00:00,46.64569242640423
2025-09-17 13:00:00,34.81566625252199
2025-09-17 14:00:00,37.172944180973154
2025-09-17 15:00:00,32.80483323310006
2025-09-17 16:00:00,26.50320677451121
2025-09-17 17:00:00,30.411337706121007
2025-09-17 18:00:00,38.22753909975474
2025-09-17 19:00:00,35.192197720444774
2025-09-17 20:00:00,30.2343560940814
2025-09-17 21:00:00,31.488502753085626
2025-09-17 22:00:00,33.581315201552336
2025-09-17 23:00:00,36.630952589413866
2025-09-18 00:00:00,47.725964470751
2025-09-18 01:00:00,36.75530987181197
2025-09-18 02:00:00,42.428243407843105
2025-09-18 03:00:00,52.127628014646874
2025-09-18 04:00:00,48.695818670978966
2025-09-18 05:00:00,51.194682412334586
2025-09-18 06:00:00,46.05635562427786
2025-09-18 07:00:00,49.35592129945936
2025-09-18 08:00:00,50.242025553546476
2025-09-18 09:00:00,37.55116056362861
2025-09-18 10:00:00,41.60277903771901
2025-09-18 11:00:00,33.893568790803
2025-09-18 12:00:00,34.64820235931178
2025-09-18 13:00:00,39.54109207465757
2025-09-18 14:00:00,33.91077884503694
2025-09-18 15:00:00,31.932872450540387
2025-09-18 16:00:00,27.994178799741785
2025-09-18 17:00:00,31.600059737313973
2025-09-18 18:00:00,28.320155829054496
2025-09-18 19:00:00,30.65852383439853
2025-09-18 20:00:00,33.92090552118596
2025-09-18 21:00:00,26.275040477258088
2025-09-18 22:00:00,33.47398265622774
2025-09-18 23:00:00,29.663095160404854
2025-09-19 00:00:00,33.73345112733236
2025-09-19 01:00:00,36.66942310971068
2025-09-19 02:00:00,41.75219553831412
2025-09-19 03:00:00,49.60124865065901
2025-09-19 04:00:00,44.40628508862755
2025-09-19 05:00:00,47.002970564052845
2025-09-19 06:00:00,51.64050796015315
2025-09-19 07:00:00,49.51087037548179
2025-09-19 08:00:00,40.928314768987846
2025-09-19 09:00:00,43.30089983558437
2025-09-19 10:00:00,39.86798874346957
2025-09-19 11:00:00,45.290922774898846
2025-09-19 12:00:00,41.56437872750413
2025-09-19 13:00:00,41.042375531005
2025-09-19 14:00:00,40.642007763726696
2025-09-19 15:00:00,41.182189589862716
2025-09-19 16:00:00,29.27122285545464
2025-09-19 17:00:00,31.373097238408576
2025-09-19 18:00:00,29.639649686370344
2025-09-19 19:00:00,21.645700083236473
2025-09-19 20:00:00,34.096482595196626
2025-09-19 21:00:00,33.94985502119984
2025-09-19 22:00:00,33.818919495304776
2025-09-19 23:00:00,38.2534814641774
2025-09-20 00:00:00,47.58717522775554
2025-09-20 01:00:00,47.33274037417394
2025-09-20 02:00:00,43.041625641806114
2025-09-20 03:00:00,44.19148182971216
2025-09-20 04:00:00,53.72446706309811
2025-09-20 05:00:00,57.39530912522742
2025-09-20 06:00:00,59.752311701723855
2025-09-20 07:00:00,53.426079062155395
2025-09-20 08:00:00,49.71447645442049
2025-09-20 09:00:00,51.28972593232809
2025-09-20 10:00:00,46.50691016806667
2025-09-20 11:00:00,43.00611373428972
2025-09-20 12:00:00,36.67365869602567
2025-09-20 13:00:00,51.600415107127134
2025-09-20 14:00:00,41.44610403872207
2025-09-20 15:00:00,35.98548867309084
2025-09-20 16:00:00,35.979533931105266
2025-09-20 17:00:00,34.32135503475368
2025-09-20 18:00:00,39.673436312093365
2025-09-20 19:00:00,35.56259879294865
2025-09-20 20:00:00,36.147634845925936
2025-09-20 21:00:00,30.880628608392968
2025-09-20 22:00:00,43.450800412994745
2025-09-20 23:00:00,43.83179016411718
2025-09-21 00:00:00,45.02055224821605
2025-09-21 01:00:00,43.922449798665575
2025-09-21 02:00:00,53.14982753282177
2025-09-21 03:00:00,59.20625615135172
2025-09-21 04:00:00,54.79898035346857
2025-09-21 05:00:00,43.856852538157455
2025-09-21 06:00:00,57.27415575407028
2025-09-21 07:00:00,58.2835334049834
2025-09-21 08:00:00,54.84675412461004
2025-09-21 09:00:00,57.15708765760683
2025-09-21 10:00:00,47.792502938110935
2025-09-21 11:00:00,48.89200044695968
2025-09-21 12:00:00,39.860100374674
2025-09-21 13:00:00,41.27405317019761
2025-09-21 14:00:00,38.58891400534929
2025-09-21 15:00:00,33.57417347806006
2025-09-21 16:00:00,41.532894738412054
2025-09-21 17:00:00,40.805385008105404
2025-09-21 18:00:00,42.29446579631974
2025-09-21 19:00:00,32.94094255671155
2025-09-21 20:00:00,36.807014617588926
2025-09-21 21:00:00,43.38448042820965
2025-09-21 22:00:00,37.28568103103191
2025-09-21 23:00:00,41.03470005988765
2025-09-22 00:00:00,36.82360474462404
2025-09-22 01:00:00,49.76094469022126
2025-09-22 02:00:00,47.22819509905511
2025-09-22 03:00:00,38.09047764995364
2025-09-22 04:00:00,47.970402171916454
2025-09-22 05:00:00,44.31682000487197
2025-09-22 06:00:00,50.963879606679605
2025-09-22 07:00:00,48.64481437129477
2025-09-22 08:00:00,45.18026093521234
2025-09-22 09:00:00,49.24032376864798
2025-09-22 10:00:00,31.886974648864772
2025-09-22 11:00:00,34.397372091914846
2025-09-22 12:00:00,46.54900496948839
2025-09-22 13:00:00,36.45012935713003
2025-09-22 14:00:00,36.3461817197946
2025-09-22 15:00:00,39.62014465479097
2025-09-22 16:00:00,28.798325547019306
2025-09-22 17:00:00,26.618633603482337
2025-09-22 18:00:00,33.97655525689192
2025-09-22 19:00:00,36.58593616015352
2025-09-22 20:00:00,29.375712188804997
2025-09-22 21:00:00,40.230062050500464
2025-09-22 22:00:00,30.754174525123567
2025-09-22 23:00:00,40.25540363642797
2025-09-23 00:00:00,40.90685702788251
2025-09-23 01:00:00,45.50515078828085
2025-09-23 02:00:00,42.599515476214535
2025-09-23 03:00:00,49.05674826324174
2025-09-23 04:00:00,43.63543973789936
2025-09-23 05:00:00,44.2889634161213
2025-09-23 06:00:00,45.6928119476487
2025-09-23 07:00:00,46.07971618593704
2025-09-23 08:00:00,56.09818354764756
2025-09-23 09:00:00,41.911703490803205
2025-09-23 10:00:00,45.21418003031238
2025-09-23 11:00:00,42.10896044580764
2025-09-23 12:00:00,26.643543663533567
2025-09-23 13:00:00,32.17582130781633
2025-09-23 14:00:00,27.293111415365033
2025-09-23 15:00:00,34.953094014124076
2025-09-23 16:00:00,34.96675564027761
2025-09-23 17:00:00,15.001232098344262
2025-09-23 18:00:00,19.599975484669105
2025-09-23 19:00:00,30.289417773700382
2025-09-23 20:00:00,29.393382735707352
2025-09-23 21:00:00,29.572522172630254
2025-09-23 22:00:00,35.40343197015459
2025-09-23 23:00:00,38.34837579941183
2025-09-24 00:00:00,39.446896851935755
2025-09-24 01:00:00,40.92762202978853
2025-09-24 02:00:00,36.99970990484046
2025-09-24 03:00:00,50.016970665250916
2025-09-24 04:00:00,54.30850255196277
2025-09-24 05:00:00,51.04035611840404
2025-09-24 06:00:00,44.14477275133531
2025-09-24 07:00:00,35.34097610789843
2025-09-24 08:00:00,43.92848574121386
2025-09-24 09:00:00,42.1182632477693
2025-09-24 10:00:00,46.88893787929123
2025-09-24 11:00:00,34.18919696683423
2025-09-24 12:00:00,37.054756234807925
2025-09-24 13:00:00,48.62963346398709
2025-09-24 14:00:00,36.189465763757745
2025-09-24 15:00:00,24.534393125613086
2025-09-24 16:00:00,32.09479512408783
2025-09-24 17:00:00,31.816153055429677
2025-09-24 18:00:00,28.66901224934338
2025-09-24 19:00:00,31.295791452669967
2025-09-24 20:00:00,35.10894072389707
2025-09-24 21:00:00,41.186593126845516
2025-09-24 22:00:00,33.71772970168623
2025-09-24 23:00:00,40.369565534659884
2025-09-25 00:00:00,36.81676450335862
2025-09-25 01:00:00,43.09314205794288
2025-09-25 02:00:00,35.60771190820798
2025-09-25 03:00:00,45.808889670122824
2025-09-25 04:00:00,48.54235559522049
2025-09-25 05:00:00,49.40062315171381
2025-09-25 06:00:00,51.560891494518984
2025-09-25 07:00:00,58.73019144679326
2025-09-25 08:00:00,48.28094430646139
2025-09-25 09:00:00,50.338784001963084
2025-09-25 10:00:00,52.35996875441738
2025-09-25 11:00:00,47.24624776614614
2025-09-25 12:00:00,46.84707744680355
2025-09-25 13:00:00,31.387531534643156
2025-09-25 14:00:00,37.322316223326915
2025-09-25 15:00:00,32.547881109769726
2025-09-25 16:00:00,31.829200477287678
2025-09-25 17:00:00,27.224688748929765
2025-09-25 18:00:00,35.566073026772166
2025-09-25 19:00:00,20.617399598582423
2025-09-25 20:00:00,22.762081087998773
2025-09-25 21:00:00,33.07544819599749
2025-09-25 22:00:00,35.12272994512246
2025-09-25 23:00:00,37.582295155458944
2025-09-26 00:00:00,45.427093971015736
2025-09-26 01:00:00,36.76117277419556
2025-09-26 02:00:00,56.85091274878256
2025-09-26 03:00:00,41.69472073432255
2025-09-26 04:00:00,46.90414149879143
2025-09-26 05:00:00,47.24995047274487
2025-09-26 06:00:00,56.941608726865354
2025-09-26 07:00:00,47.814698370220185
2025-09-26 08:00:00,48.78409267264904
2025-09-26 09:00:00,40.87108253520333
2025-09-26 10:00:00,48.523509447833334
2025-09-26 11:00:00,47.62205244521781
2025-09-26 12:00:00,45.15580473124945
2025-09-26 13:00:00,33.3596963496759
2025-09-26 14:00:00,34.12080921518681
2025-09-26 15:00:00,37.01148546919411
2025-09-26 16:00:00,39.83152399584778
2025-09-26 17:00:00,22.038970163280723
2025-09-26 18:00:00,33.09042783183261
2025-09-26 19:00:00,23.02580926537784
2025-09-26 20:00:00,32.94269377550346
2025-09-26 21:00:00,34.65206479457091
2025-09-26 22:00:00,36.95145627983714
2025-09-26 23:00:00,40.75250953314474
2025-09-27 00:00:00,42.751365263038466
2025-09-27 01:00:00,41.403239261065885
2025-09-27 02:00:00,47.627299615194765
2025-09-27 03:00:00,57.29438356273344
2025-09-27 04:00:00,50.91883811572361
2025-09-27 05:00:00,58.68849304593803
2025-09-27 06:00:00,55.99619572647845
2025-09-27 07:00:00,47.588472935710016
2025-09-27 08:00:00,49.81160280168967
2025-09-27 09:00:00,51.03359371155203
2025-09-27 10:00:00,57.05823545794734
2025-09-27 11:00:00,50.22425204657136
2025-09-27 12:00:00,47.383230424583054
2025-09-27 13:00:00,27.87776939494247
2025-09-27 14:00:00,46.57723380470513
2025-09-27 15:00:00,48.4247927689601
2025-09-27 16:00:00,26.42350705389088
2025-09-27 17:00:00,35.37895668234752
2025-09-27 18:00:00,39.327211324454844
2025-09-27 19:00:00,36.071972291935595
2025-09-27 20:00:00,31.513721141759675
2025-09-27 21:00:00,38.72805049022757
2025-09-27 22:00:00,52.480558843980816
2025-09-27 23:00:00,41.86386674502478
2025-09-28 00:00:00,46.47777670217068
2025-09-28 01:00:00,51.36427545044391
2025-09-28 02:00:00,51.378889214576716
2025-09-28 03:00:00,49.38098868991074
2025-09-28 04:00:00,52.85958243492387
2025-09-28 05:00:00,55.80852060168031
2025-09-28 06:00:00,54.131914893807654
2025-09-28 07:00:00,56.04247901896229
2025-09-28 08:00:00,60.2723248933013
2025-09-28 09:00:00,52.98973296830029
2025-09-28 10:00:00,53.36786537620643
2025-09-28 11:00:00,43.300346186827966
2025-09-28 12:00:00,39.558782525705624
2025-09-28 13:00:00,46.13909701052524
2025-09-28 14:00:00,42.8443165730447
2025-09-28 15:00:00,30.999619069880143
2025-09-28 16:00:00,37.985572415767514
2025-09-28 17:00:00,37.647256709155876
2025-09-28 18:00:00,38.92238458390127
2025-09-28 19:00:00,44.81329865124138
2025-09-28 20:00:00,39.18083860890859
2025-09-28 21:00:00,44.901563591923434
2025-09-28 22:00:00,43.281484265386894
2025-09-28 23:00:00,38.77802252914573
2025-09-29 00:00:00,45.0898089415267
2025-09-29 01:00:00,38.448651021322256
2025-09-29 02:00:00,49.18057961900777
2025-09-29 03:00:00,46.63304879083641
2025-09-29 04:00:00,53.79573225453414
2025-09-29 05:00:00,46.50935213457722
2025-09-29 06:00:00,47.53211803723632
2025-09-29 07:00:00,42.88711107846296
2025-09-29 08:00:00,45.32820290169282
2025-09-29 09:00:00,50.27382842682801
2025-09-29 10:00:00,48.49522182215338
2025-09-29 11:00:00,39.463815483107
2025-09-29 12:00:00,37.62820169591337
2025-09-29 13:00:00,37.61992097015072
2025-09-29 14:00:00,23.85715119891239
2025-09-29 15:00:00,39.30720657296114
2025-09-29 16:00:00,30.652202868803094
2025-09-29 17:00:00,32.75698885625128
2025-09-29 18:00:00,33.832455845407274
2025-09-29 19:00:00,23.54117769319502
2025-09-29 20:00:00,27.080628118628738
2025-09-29 21:00:00,28.406445800041194
2025-09-29 22:00:00,38.516062395490756
2025-09-29 23:00:00,34.764494541755944
2025-09-30 00:00:00,39.40285213664915
2025-09-30 01:00:00,43.705957267121505
2025-09-30 02:00:00,39.01649273157537
2025-09-30 03:00:00,48.11116401789693
2025-09-30 04:00:00,51.996725753691464
2025-09-30 05:00:00,53.20456981172082
2025-09-30 06:00:00,49.14646026804981
2025-09-30 07:00:00,46.74348588583102
2025-09-30 08:00:00,39.02107340797589
2025-09-30 09:00:00,45.0121179273407
2025-09-30 10:00:00,37.634788340015845
2025-09-30 11:00:00,47.277083842507594
2025-09-30 12:00:00,40.08319496171143
2025-09-30 13:00:00,38.186745042782725
2025-09-30 14:00:00,29.237764542723333
2025-09-30 15:00:00,34.812275182224674
2025-09-30 16:00:00,34.75490667475248
2025-09-30 17:00:00,39.28998543597171
2025-09-30 18:00:00,16.54268764240617
2025-09-30 19:00:00,27.94073837797679
2025-09-30 20:00:00,30.197459220327193
2025-09-30 21:00:00,32.71621799862693
2025-09-30 22:00:00,44.420785106461906
2025-09-30 23:00:00,40.99509291392994
2025-10-01 00:00:00,46.064053473737154
2025-10-01 01:00:00,45.5418448941549
2025-10-01 02:00:00,43.50801083773659
2025-10-01 03:00:00,45.661922428418286
2025-10-01 04:00:00,44.51998363646051
2025-10-01 05:00:00,52.44987784589297
2025-10-01 06:00:00,50.08523957404687
2025-10-01 07:00:00,47.80281125444419
2025-10-01 08:00:00,46.70219967729989
2025-10-01 09:00:00,37.37835999201909
2025-10-01 10:00:00,46.32858140375085
2025-10-01 11:00:00,41.934373258411924
2025-10-01 12:00:00,35.41147880474276
2025-10-01 13:00:00,39.602955007727175
2025-10-01 14:00:00,35.829636451632524
2025-10-01 15:00:00,27.815753118250374
2025-10-01 16:00:00,32.71635243768997
2025-10-01 17:00:00,42.238230161557205
2025-10-01 18:00:00,35.45911928785482
2025-10-01 19:00:00,37.26166489591749
2025-10-01 20:00:00,26.169654393683306
2025-10-01 21:00:00,38.54524841307229
2025-10-01 22:00:00,30.51556948313005
2025-10-01 23:00:00,35.90793597935736
2025-10-02 00:00:00,48.60899687160537
2025-10-02 01:00:00,47.88126457278058
2025-10-02 02:00:00,42.88110242610516
2025-10-02 03:00:00,47.34407520362358
2025-10-02 04:00:00,35.89955546045701
2025-10-02 05:00:00,49.74689336468314
2025-10-02 06:00:00,46.273987690684265
2025-10-02 07:00:00,48.659120675868586
2025-10-02 08:00:00,58.29638858674392
2025-10-02 09:00:00,50.39228848779296
2025-10-02 10:00:00,44.697461792971204
2025-10-02 11:00:00,44.36126940085972
2025-10-02 12:00:00,39.822185276658274
2025-10-02 13:00:00,38.54438423975143
2025-10-02 14:00:00,45.27293535634324
2025-10-02 15:00:00,35.01263160842728
2025-10-02 16:00:00,28.754097567519562
2025-10-02 17:00:00,31.772205712168066
2025-10-02 18:00:00,27.958822437265383
2025-10-02 19:00:00,30.054540338894782
2025-10-02 20:00:00,28.9514110116167
2025-10-02 21:00:00,19.43898594787449
2025-10-02 22:00:00,31.536774272298707
2025-10-02 23:00:00,36.31271131059681
2025-10-03 00:00:00,37.68944614036163
2025-10-03 01:00:00,44.72714699767661
2025-10-03 02:00:00,33.47420127817475
2025-10-03 03:00:00,38.670230087118654
2025-10-03 04:00:00,48.126015641348616
2025-10-03 05:00:00,43.41649444231957
2025-10-03 06:00:00,48.53826285700379
2025-10-03 07:00:00,52.76785557487671
2025-10-03 08:00:00,58.960745132647915
2025-10-03 09:00:00,47.868723237704415
2025-10-03 10:00:00,45.77744840475105
2025-10-03 11:00:00,41.78684146622783
2025-10-03 12:00:00,44.779517175439544
2025-10-03 13:00:00,31.50717823817741
2025-10-03 14:00:00,34.851622770638215
2025-10-03 15:00:00,45.37724928504629
2025-10-03 16:00:00,28.982766285792533
2025-10-03 17:00:00,38.6359268808128
2025-10-03 18:00:00,32.01910371645539
2025-10-03 19:00:00,38.541483727861376
2025-10-03 20:00:00,32.36360349267861
2025-10-03 21:00:00,26.56213900196505
2025-10-03 22:00:00,31.235408229342994
2025-10-03 23:00:00,35.72120154275829
2025-10-04 00:00:00,50.23271713497388
2025-10-04 01:00:00,51.396439033594476
2025-10-04 02:00:00,48.148996148161494
2025-10-04 03:00:00,57.002326485836086
2025-10-04 04:00:00,52.232163306924676
2025-10-04 05:00:00,54.0844099871818
2025-10-04 06:00:00,58.85292229980456
2025-10-04 07:00:00,62.261282228656675
2025-10-04 08:00:00,47.250550156663365
2025-10-04 09:00:00,45.64285325618735
2025-10-04 10:00:00,51.326470959652454
2025-10-04 11:00:00,46.37516762445597
2025-10-04 12:00:00,42.54365412386981
2025-10-04 13:00:00,46.09170732129264
2025-10-04 14:00:00,49.435310448180395
2025-10-04 15:00:00,33.63090521830907
2025-10-04 16:00:00,44.81396663655116
2025-10-04 17:00:00,27.765102054750663
2025-10-04 18:00:00,33.358773571276714
2025-10-04 19:00:00,40.30608474255887
2025-10-04 20:00:00,33.55562771701669
2025-10-04 21:00:00,38.191967714681006
2025-10-04 22:00:00,36.15291132091207
2025-10-04 23:00:00,38.82953693700027
2025-10-05 00:00:00,52.02514601679233
2025-10-05 01:00:00,46.60063741647767
2025-10-05 02:00:00,50.18822193124421
2025-10-05 03:00:00,47.26007579768511
2025-10-05 04:00:00,41.83535303423044
2025-10-05 05:00:00,59.935321521888994
2025-10-05 06:00:00,58.63514950979482
2025-10-05 07:00:00,49.23465071731987
2025-10-05 08:00:00,56.5157148446768
2025-10-05 09:00:00,43.89537972457788
2025-10-05 10:00:00,51.60762313955825
2025-10-05 11:00:00,45.89812753664854
2025-10-05 12:00:00,47.1710556195355
2025-10-05 13:00:00,45.127319439764676
2025-10-05 14:00:00,38.67203210238485
2025-10-05 15:00:00,36.87622044181425
2025-10-05 16:00:00,31.90796589373172
2025-10-05 17:00:00,36.044480951472224
2025-10-05 18:00:00,40.872070341668966
2025-10-05 19:00:00,36.57444236954865
2025-10-05 20:00:00,42.91848037707268
2025-10-05 21:00:00,35.83102756617042
2025-10-05 22:00:00,36.27203407428724
2025-10-05 23:00:00,38.76943994221902
2025-10-06 00:00:00,44.65569750040362
2025-10-06 01:00:00,39.341340771197665
2025-10-06 02:00:00,40.24454993912528
2025-10-06 03:00:00,42.437796210819634
2025-10-06 04:00:00,48.75138668571069
2025-10-06 05:00:00,38.382405381371015
2025-10-06 06:00:00,46.61783369330889
2025-10-06 07:00:00,46.25690687566015
2025-10-06 08:00:00,43.17428066194983
2025-10-06 09:00:00,49.46186936959395
2025-10-06 10:00:00,41.71818806463679
2025-10-06 11:00:00,41.07150998426972
2025-10-06 12:00:00,35.75011468733953
2025-10-06 13:00:00,37.07679773369304
2025-10-06 14:00:00,39.873406592034165
2025-10-06 15:00:00,28.960993835139707
2025-10-06 16:00:00,30.787660303884568
2025-10-06 17:00:00,37.76893122130449
2025-10-06 18:00:00,29.849787805936188
2025-10-06 19:00:00,36.455007039904835
2025-10-06 20:00:00,32.93715110259762
2025-10-06 21:00:00,34.240609836098436
2025-10-06 22:00:00,36.730643395793294
2025-10-06 23:00:00,38.208963648339655
2025-10-07 00:00:00,36.54339840065445
2025-10-07 01:00:00,36.79489195298129
2025-10-07 02:00:00,36.4901145126578
2025-10-07 03:00:00,39.627386478633085
2025-10-07 04:00:00,41.024546186447694
2025-10-07 05:00:00,47.13896020021303
2025-10-07 06:00:00,48.3047014385132
2025-10-07 07:00:00,57.106908081326594
2025-10-07 08:00:00,57.24023223540597
2025-10-07 09:00:00,50.8535383057326
2025-10-07 10:00:00,39.79370633418881
2025-10-07 11:00:00,29.20127646393177
2025-10-07 12:00:00,43.769672899084455
2025-10-07 13:00:00,38.64083975704062
2025-10-07 14:00:00,34.60347749471136
2025-10-07 15:00:00,26.742487865946444
2025-10-07 16:00:00,32.6271421761684
2025-10-07 17:00:00,25.837762947834772
2025-10-07 18:00:00,25.240080842813274
2025-10-07 19:00:00,30.01846980916554
2025-10-07 20:00:00,25.298159520405015
2025-10-07 21:00:00,35.52453958394544
2025-10-07 22:00:00,39.21326795100224
2025-10-07 23:00:00,35.869603927032706
2025-10-08 00:00:00,44.09020363570136
2025-10-08 01:00:00,39.92234393383069
2025-10-08 02:00:00,47.16967317677393
2025-10-08 03:00:00,50.325307532706
2025-10-08 04:00:00,56.901899758893904
2025-10-08 05:00:00,54.946247295937326
2025-10-08 06:00:00,53.16937478169322
2025-10-08 07:00:00,46.32525503527547
2025-10-08 08:00:00,47.29719804865899
2025-10-08 09:00:00,47.36485929842795
2025-10-08 10:00:00,46.84654964516631
2025-10-08 11:00:00,44.1280800550936
2025-10-08 12:00:00,39.52041439533853
2025-10-08 13:00:00,49.12245332359115
2025-10-08 14:00:00,41.73785036631031
2025-10-08 15:00:00,39.58364921519374
2025-10-08 16:00:00,28.524228011009935
2025-10-08 17:00:00,32.84208596220612
2025-10-08 18:00:00,33.53894257119039
2025-10-08 19:00:00,41.033174834728605
2025-10-08 20:00:00,35.23087302899777
2025-10-08 21:00:00,29.04312782448944
2025-10-08 22:00:00,36.93289867459423
2025-10-08 23:00:00,36.69646287560293
2025-10-09 00:00:00,46.76005973450494
2025-10-09 01:00:00,38.584264548945704
2025-10-09 02:00:00,44.51035320672888
2025-10-09 03:00:00,46.169473548631956
2025-10-09 04:00:00,50.77144858970724
2025-10-09 05:00:00,43.36781560962979
2025-10-09 06:00:00,49.78723961024641
2025-10-09 07:00:00,50.14809902185239
2025-10-09 08:00:00,48.94461842903673
2025-10-09 09:00:00,44.55090388764779
2025-10-09 10:00:00,44.70615809830883
2025-10-09 11:00:00,42.53534352233164
2025-10-09 12:00:00,37.6596820924188
2025-10-09 13:00:00,36.998402891235685
2025-10-09 14:00:00,39.500270765894896
2025-10-09 15:00:00,39.622885621482475
2025-10-09 16:00:00,35.65478845871905
2025-10-09 17:00:00,34.948577123033076
2025-10-09 18:00:00,31.572852748833363
2025-10-09 19:00:00,27.587115676711615
2025-10-09 20:00:00,40.267629768687826
2025-10-09 21:00:00,43.29923088411589
2025-10-09 22:00:00,35.38380929949132
2025-10-09 23:00:00,35.04906156389695
2025-10-10 00:00:00,46.650855320437785
2025-10-10 01:00:00,40.86049707333202
2025-10-10 02:00:00,48.206745243580926
2025-10-10 03:00:00,53.78434711648704
2025-10-10 04:00:00,43.79565136353599
2025-10-10 05:00:00,52.1782031201078
2025-10-10 06:00:00,50.960612730023314
2025-10-10 07:00:00,55.44140832268969
2025-10-10 08:00:00,41.75205224743472
2025-10-10 09:00:00,44.564563987434155
2025-10-10 10:00:00,39.088082317931914
2025-10-10 11:00:00,41.098043886815425
2025-10-10 12:00:00,42.25462223303317
2025-10-10 13:00:00,36.942359363336735
2025-10-10 14:00:00,28.18719507005825
2025-10-10 15:00:00,34.703789352896166
2025-10-10 16:00:00,23.13603241590856
2025-10-10 17:00:00,39.43818661798626
2025-10-10 18:00:00,28.211132402177334
2025-10-10 19:00:00,30.564506482079995
2025-10-10 20:00:00,34.97351069221459
2025-10-10 21:00:00,25.28819696678111
2025-10-10 22:00:00,24.055057939615153
2025-10-10 23:00:00,37.749641387921095
2025-10-11 00:00:00,35.23033789198494
2025-10-11 01:00:00,47.74633844625196
2025-10-11 02:00:00,46.89676668211585
2025-10-11 03:00:00,56.60692682390843
2025-10-11 04:00:00,59.244302665534455
2025-10-11 05:00:00,44.06006137021524
2025-10-11 06:00:00,56.705935437561344
2025-10-11 07:00:00,57.527783372440425
2025-10-11 08:00:00,46.52207046680393
2025-10-11 09:00:00,43.1968914522583
2025-10-11 10:00:00,48.49141551830364
2025-10-11 11:00:00,48.69485966726093
2025-10-11 12:00:00,42.558383623991375
2025-10-11 13:00:00,45.920838924393806
2025-10-11 14:00:00,38.712200318860376
2025-10-11 15:00:00,35.24613551400713
2025-10-11 16:00:00,40.84604442472035
2025-10-11 17:00:00,33.902081318538166
2025-10-11 18:00:00,26.861997293815538
2025-10-11 19:00:00,32.49980752493879
2025-10-11 20:00:00,36.14032124021417
2025-10-11 21:00:00,29.34923577252497
2025-10-11 22:00:00,36.84604012925339
2025-10-11 23:00:00,41.76505164937522
2025-10-12 00:00:00,54.469496168709256
2025-10-12 01:00:00,45.36195341510014
2025-10-12 02:00:00,47.82039980993144
2025-10-12 03:00:00,58.660758159154625
2025-10-12 04:00:00,54.118349072828266
2025-10-12 05:00:00,54.01849112489405
2025-10-12 06:00:00,50.440659513514674
2025-10-12 07:00:00,56.1509848689763
2025-10-12 08:00:00,58.62964874687346
2025-10-12 09:00:00,55.49075611955237
2025-10-12 10:00:00,55.374132955969216
2025-10-12 11:00:00,39.07786969468867
2025-10-12 12:00:00,39.29167513232035
2025-10-12 13:00:00,46.10602052247327
2025-10-12 14:00:00,39.79248439366472
2025-10-12 15:00:00,33.21179324223
2025-10-12 16:00:00,36.53372821198975
2025-10-12 17:00:00,30.94572203955325
2025-10-12 18:00:00,35.56368630485194
2025-10-12 19:00:00,48.10430205757835
2025-10-12 20:00:00,36.554822566857766
2025-10-12 21:00:00,31.17923395839694
2025-10-12 22:00:00,30.818228039585954
2025-10-12 23:00:00,45.51778226563194
2025-10-13 00:00:00,47.231466011703155
2025-10-13 01:00:00,36.64351455279452
2025-10-13 02:00:00,37.70415544731942
2025-10-13 03:00:00,45.1103070686939
2025-10-13 04:00:00,46.05206494491808
2025-10-13 05:00:00,45.809274913404515
2025-10-13 06:00:00,45.376269743930756
2025-10-13 07:00:00,47.22443282221809
2025-10-13 08:00:00,43.34682788458549
2025-10-13 09:00:00,50.09041371524952
2025-10-13 10:00:00,43.33547038926558
2025-10-13 11:00:00,43.96132974988049
2025-10-13 12:00:00,37.518230849299314
2025-10-13 13:00:00,32.091152569276225
2025-10-13 14:00:00,34.54366421462086
2025-10-13 15:00:00,31.480167843045454
2025-10-13 16:00:00,31.927389310071295
2025-10-13 17:00:00,34.062368442044416
2025-10-13 18:00:00,37.0376703758436
2025-10-13 19:00:00,13.59475398009809
2025-10-13 20:00:00,36.89637555546467
2025-10-13 21:00:00,33.994952409633896
2025-10-13 22:00:00,43.38625249820963
2025-10-13 23:00:00,33.55638403676677
2025-10-14 00:00:00,40.69426141993863
2025-10-14 01:00:00,42.7557655318639
2025-10-14 02:00:00,39.85497154083437
2025-10-14 03:00:00,50.21964759687964
2025-10-14 04:00:00,49.571388007800486
2025-10-14 05:00:00,54.72768476055554
2025-10-14 06:00:00,54.76442748267591
2025-10-14 07:00:00,55.37457519498512
2025-10-14 08:00:00,51.54644396535852
2025-10-14 09:00:00,44.99129351705655
2025-10-14 10:00:00,42.615730337202045
2025-10-14 11:00:00,38.42878426432054
2025-10-14 12:00:00,34.422775345190246
2025-10-14 13:00:00,32.47607329054972
2025-10-14 14:00:00,37.43442846556074
2025-10-14 15:00:00,35.81896150335953
2025-10-14 16:00:00,32.998440872012075
2025-10-14 17:00:00,35.0566833647909
2025-10-14 18:00:00,31.0721906261954
2025-10-14 19:00:00,28.625266994671577
2025-10-14 20:00:00,34.79704177943847
2025-10-14 21:00:00,29.255442774049094
2025-10-14 22:00:00,29.795808615313547
2025-10-14 23:00:00,29.324168796693524
2025-10-15 00:00:00,45.292442420314785
2025-10-15 01:00:00,38.357990514570794
2025-10-15 02:00:00,47.14319900395683
2025-10-15 03:00:00,42.37079145724609
2025-10-15 04:00:00,53.30923352947494
2025-10-15 05:00:00,52.48586937551446
2025-10-15 06:00:00,47.967687900531864
2025-10-15 07:00:00,41.82042156734911
2025-10-15 08:00:00,47.337253398064576
2025-10-15 09:00:00,53.960649644326125
2025-10-15 10:00:00,49.10305713051958
2025-10-15 11:00:00,45.33946874406014
2025-10-15 12:00:00,35.20162356174847
2025-10-15 13:00:00,46.23414023815303
2025-10-15 14:00:00,29.48300903304157
2025-10-15 15:00:00,27.35299163856092
2025-10-15 16:00:00,27.7101750928986
2025-10-15 17:00:00,29.030596835759738
2025-10-15 18:00:00,36.24914736013006
2025-10-15 19:00:00,34.775868944021425
2025-10-15 20:00:00,22.226176259646223
2025-10-15 21:00:00,26.269933374907062
2025-10-15 22:00:00,31.148035853253685
2025-10-15 23:00:00,38.24757798564897
2025-10-16 00:00:00,32.200820692749865
2025-10-16 01:00:00,45.434403391450736
2025-10-16 02:00:00,35.69417313009826
2025-10-16 03:00:00,47.359958908513896
2025-10-16 04:00:00,45.90772764756796
2025-10-16 05:00:00,58.67690538673348
2025-10-16 06:00:00,48.40997125849339
2025-10-16 07:00:00,50.132650273527766
2025-10-16 08:00:00,53.31321390615552
2025-10-16 09:00:00,55.609694262520534
2025-10-16 10:00:00,43.23374990150362
2025-10-16 11:00:00,42.7328387399642
2025-10-16 12:00:00,44.520835789443794
2025-10-16 13:00:00,33.05307168430128
2025-10-16 14:00:00,36.1473931738335
2025-10-16 15:00:00,34.263543190795055
2025-10-16 16:00:00,31.696134526448294
2025-10-16 17:00:00,30.38055151025752
2025-10-16 18:00:00,33.458197420798925
2025-10-16 19:00:00,28.43131805374904
2025-10-16 20:00:00,38.04770258030327
2025-10-16 21:00:00,37.579990328894965
2025-10-16 22:00:00,33.985393244871815
2025-10-16 23:00:00,39.5659403166368
2025-10-17 00:00:00,42.259010136978226
2025-10-17 01:00:00,36.12888201697416
2025-10-17 02:00:00,46.235145611653834
2025-10-17 03:00:00,44.75670960689154
2025-10-17 04:00:00,51.71788686512546
2025-10-17 05:00:00,52.48042898834055
2025-10-17 06:00:00,51.16779917501737
2025-10-17 07:00:00,46.371116374971855
2025-10-17 08:00:00,49.347424468128416
2025-10-17 09:00:00,54.59702923986076
2025-10-17 10:00:00,49.833403873031095
2025-10-17 11:00:00,40.818366674618794
2025-10-17 12:00:00,28.262720247684904
2025-10-17 13:00:00,41.192332658945816
2025-10-17 14:00:00,31.964208890399735
2025-10-17 15:00:00,39.21022694995778
2025-10-17 16:00:00,36.436479553820746
2025-10-17 17:00:00,24.934175110947344
2025-10-17 18:00:00,37.5447709106344
2025-10-17 19:00:00,35.33673133241911
2025-10-17 20:00:00,27.290915644361004
2025-10-17 21:00:00,30.897844095904848
2025-10-17 22:00:00,40.952962984918244
2025-10-17 23:00:00,32.32831618184888
2025-10-18 00:00:00,43.83337740817946
2025-10-18 01:00:00,42.95565928672488
2025-10-18 02:00:00,50.88230581790364
2025-10-18 03:00:00,51.726960557381524
2025-10-18 04:00:00,50.672142629552184
2025-10-18 05:00:00,61.099878158647094
2025-10-18 06:00:00,54.036585955209326
2025-10-18 07:00:00,57.504571194098034
2025-10-18 08:00:00,46.43198709851242
2025-10-18 09:00:00,54.16384754708929
2025-10-18 10:00:00,53.94979207990639
2025-10-18 11:00:00,39.71345882563692
2025-10-18 12:00:00,46.73874101719934
2025-10-18 13:00:00,46.623711380107494
2025-10-18 14:00:00,33.511540659692685
2025-10-18 15:00:00,32.28997091239197
2025-10-18 16:00:00,34.86314185926972
2025-10-18 17:00:00,37.65114320329717
2025-10-18 18:00:00,42.25289068050541
2025-10-18 19:00:00,30.668069533029986
2025-10-18 20:00:00,25.317847474888815
2025-10-18 21:00:00,40.706948953524645
2025-10-18 22:00:00,38.871835079539906
2025-10-18 23:00:00,39.10847093527969
2025-10-19 00:00:00,44.46301356632818
2025-10-19 01:00:00,47.0763810838366
2025-10-19 02:00:00,44.8208678048693
2025-10-19 03:00:00,54.39971413875788
2025-10-19 04:00:00,53.62180503825198
2025-10-19 05:00:00,50.377670644539265
2025-10-19 06:00:00,67.59304536180056
2025-10-19 07:00:00,52.39326543522778
2025-10-19 08:00:00,57.32598831547247
2025-10-19 09:00:00,50.38627596029474
2025-10-19 10:00:00,48.10842931041371
2025-10-19 11:00:00,46.125837951865385
2025-10-19 12:00:00,39.832195657654836
2025-10-19 13:00:00,40.65222383045137
2025-10-19 14:00:00,40.38575661993714
2025-10-19 15:00:00,36.87944917315139
2025-10-19 16:00:00,34.67125237507006
2025-10-19 17:00:00,38.00487216178851
2025-10-19 18:00:00,28.976278124910593
2025-10-19 19:00:00,42.70070426223199
2025-10-19 20:00:00,30.687850658320926
2025-10-19 21:00:00,33.24761404766593
2025-10-19 22:00:00,45.51901720139422
2025-10-19 23:00:00,32.281678840324886
2025-10-20 00:00:00,33.61035586612411
2025-10-20 01:00:00,49.281612246315674
2025-10-20 02:00:00,44.00724846347761
2025-10-20 03:00:00,49.07152273261755
2025-10-20 04:00:00,46.33126127273663
2025-10-20 05:00:00,44.56992287523208
2025-10-20 06:00:00,53.05911313885177
2025-10-20 07:00:00,44.09286014374037
2025-10-20 08:00:00,41.15265306666887
2025-10-20 09:00:00,50.59640800321657
2025-10-20 10:00:00,55.95822122095099
2025-10-20 11:00:00,46.86115258572708
2025-10-20 12:00:00,35.329789556596246
2025-10-20 13:00:00,39.418988518344634
2025-10-20 14:00:00,39.14575418354747
2025-10-20 15:00:00,29.694533764198177
2025-10-20 16:00:00,40.72136748357423
2025-10-20 17:00:00,32.89658206329393
2025-10-20 18:00:00,29.08419784135772
2025-10-20 19:00:00,35.34873239216688
2025-10-20 20:00:00,28.206146951306444
2025-10-20 21:00:00,34.00050904415869
2025-10-20 22:00:00,28.116447834970188
2025-10-20 23:00:00,42.31101705440684
2025-10-21 00:00:00,40.41662776364153
2025-10-21 01:00:00,50.95686664399845
2025-10-21 02:00:00,49.1161116689617
2025-10-21 03:00:00,54.91690799510687
2025-10-21 04:00:00,46.797292753089216
2025-10-21 05:00:00,45.759206973667055
2025-10-21 06:00:00,46.397392011930485
2025-10-21 07:00:00,58.772269241451156
2025-10-21 08:00:00,45.95371887344074
2025-10-21 09:00:00,50.135516628238996
2025-10-21 10:00:00,44.03802765052074
2025-10-21 11:00:00,63.12151766008172
2025-10-21 12:00:00,41.052109287372815
2025-10-21 13:00:00,33.04231652620627
2025-10-21 14:00:00,31.15878508316667
2025-10-21 15:00:00,32.12069443462454
2025-10-21 16:00:00,27.10781076034236
2025-10-21 17:00:00,32.56198957362554
2025-10-21 18:00:00,27.136331957039825
2025-10-21 19:00:00,26.95860233031341
2025-10-21 20:00:00,26.87936084903268
2025-10-21 21:00:00,35.22363450357163
2025-10-21 22:00:00,31.271950161037267
2025-10-21 23:00:00,41.955139394856786
2025-10-22 00:00:00,44.531961722460906
2025-10-22 01:00:00,45.99585302882237
2025-10-22 02:00:00,38.058972364985934
2025-10-22 03:00:00,47.34213619048763
2025-10-22 04:00:00,52.15440030902959
2025-10-22 05:00:00,58.09340000789064
2025-10-22 06:00:00,58.46905594208611
2025-10-22 07:00:00,61.981355445373794
2025-10-22 08:00:00,51.18500365832068
2025-10-22 09:00:00,49.38218193009647
2025-10-22 10:00:00,38.70510111389035
2025-10-22 11:00:00,43.622953129911025
2025-10-22 12:00:00,40.45218386553544
2025-10-22 13:00:00,35.567021916455246
2025-10-22 14:00:00,29.424338646857077
2025-10-22 15:00:00,30.58247471854712
2025-10-22 16:00:00,36.27537898402505
2025-10-22 17:00:00,24.668171088370958
2025-10-22 18:00:00,25.390810967893366
2025-10-22 19:00:00,34.90908926792247
2025-10-22 20:00:00,34.63044491415476
2025-10-22 21:00:00,36.52982662202041
2025-10-22 22:00:00,45.70549748516896
2025-10-22 23:00:00,35.62386597700545
2025-10-23 00:00:00,34.188708265979294
2025-10-23 01:00:00,51.08841851026372
2025-10-23 02:00:00,52.57240492232492
2025-10-23 03:00:00,40.53002955324672
2025-10-23 04:00:00,42.91045791472719
2025-10-23 05:00:00,40.170353753369525
2025-10-23 06:00:00,43.62856719336127
2025-10-23 07:00:00,52.52936477553133
2025-10-23 08:00:00,49.012035426279816
2025-10-23 09:00:00,51.81287144980639
2025-10-23 10:00:00,46.34728180884991
2025-10-23 11:00:00,37.564740324502885
2025-10-23 12:00:00,37.94297806342972
2025-10-23 13:00:00,30.170542620580676
2025-10-23 14:00:00,33.69552470984905
2025-10-23 15:00:00,36.39907806487494
2025-10-23 16:00:00,42.02689628246681
2025-10-23 17:00:00,25.954768640946668
2025-10-23 18:00:00,26.030704192251115
2025-10-23 19:00:00,30.044803260303503
2025-10-23 20:00:00,41.37611258005099
2025-10-23 21:00:00,34.81897347104475
2025-10-23 22:00:00,30.370245615978508
2025-10-23 23:00:00,42.23639848940351
2025-10-24 00:00:00,44.353539763577956
2025-10-24 01:00:00,34.64339798568133
2025-10-24 02:00:00,36.953125490988285
2025-10-24 03:00:00,42.18657882327097
2025-10-24 04:00:00,47.20067234510403
2025-10-24 05:00:00,58.72549392300588
2025-10-24 06:00:00,41.63831771263707
2025-10-24 07:00:00,46.84661182554378
2025-10-24 08:00:00,44.69847916560382
2025-10-24 09:00:00,46.14881162009069
2025-10-24 10:00:00,42.06358978662233
2025-10-24 11:00:00,44.516000044102846
2025-10-24 12:00:00,43.5868042947324
2025-10-24 13:00:00,35.79467352327013
2025-10-24 14:00:00,33.40331238358312
2025-10-24 15:00:00,25.29482331502718
2025-10-24 16:00:00,29.283057529455586
2025-10-24 17:00:00,40.55402633034126
2025-10-24 18:00:00,24.968487412059154
2025-10-24 19:00:00,26.087314466455148
2025-10-24 20:00:00,36.06637542421295
2025-10-24 21:00:00,30.350162321844522
2025-10-24 22:00:00,35.90703656174121
2025-10-24 23:00:00,39.86476449606476
2025-10-25 00:00:00,45.50611035967961
2025-10-25 01:00:00,42.477411073478685
2025-10-25 02:00:00,47.45884888346667
2025-10-25 03:00:00,50.86720456584855
2025-10-25 04:00:00,61.633443494314974
2025-10-25 05:00:00,51.0314166882417
2025-10-25 06:00:00,56.43087547000425
2025-10-25 07:00:00,52.212571972775784
2025-10-25 08:00:00,53.91933639227091
2025-10-25 09:00:00,57.232658088828686
2025-10-25 10:00:00,55.886355581913406
2025-10-25 11:00:00,49.91226333747622
2025-10-25 12:00:00,36.9885483835038
2025-10-25 13:00:00,44.27511220335212
2025-10-25 14:00:00,36.867944929370665
2025-10-25 15:00:00,43.60158362266122
2025-10-25 16:00:00,36.090186081788296
2025-10-25 17:00:00,36.95497047724307
2025-10-25 18:00:00,29.40390003632602
2025-10-25 19:00:00,34.42987940694681
2025-10-25 20:00:00,36.48375022246717
2025-10-25 21:00:00,32.77577298557409
2025-10-25 22:00:00,42.81024932373224
2025-10-25 23:00:00,31.954856629050965
2025-10-26 00:00:00,40.85522302899884
2025-10-26 01:00:00,48.35245026359096
2025-10-26 02:00:00,58.59956680615167
2025-10-26 03:00:00,53.60782659913823
2025-10-26 04:00:00,59.52482483334621
2025-10-26 05:00:00,67.03246077909978
2025-10-26 06:00:00,67.78032852892898
2025-10-26 07:00:00,52.59725256968962
2025-10-26 08:00:00,54.052792016838886
2025-10-26 09:00:00,56.4024611960499
2025-10-26 10:00:00,52.368560919364164
2025-10-26 11:00:00,42.1517431929018
2025-10-26 12:00:00,45.54002132725094
2025-10-26 13:00:00,46.81107473021012
2025-10-26 14:00:00,44.76390799941322
2025-10-26 15:00:00,41.34266193026929
2025-10-26 16:00:00,38.806063317748894
2025-10-26 17:00:00,33.83788824256416
2025-10-26 18:00:00,36.488750975338675
2025-10-26 19:00:00,36.88401571566399
2025-10-26 20:00:00,41.532379326346216
2025-10-26 21:00:00,36.57948933655511
2025-10-26 22:00:00,48.07041214096058
2025-10-26 23:00:00,46.448325272610674
2025-10-27 00:00:00,39.85627190478298
2025-10-27 01:00:00,35.074227737531466
2025-10-27 02:00:00,41.90021219778341
2025-10-27 03:00:00,41.23453497191143
2025-10-27 04:00:00,41.783837744745405
2025-10-27 05:00:00,54.013999943915714
2025-10-27 06:00:00,43.82126603095712
2025-10-27 07:00:00,48.54855020042332
2025-10-27 08:00:00,47.86849048687731
2025-10-27 09:00:00,55.971526869480876
2025-10-27 10:00:00,52.63104522520915
2025-10-27 11:00:00,44.751411539780676
2025-10-27 12:00:00,47.534731302884396
2025-10-27 13:00:00,39.50645184131536
2025-10-27 14:00:00,38.71754774553312
2025-10-27 15:00:00,32.88015489223144
2025-10-27 16:00:00,30.581527840611926
2025-10-27 17:00:00,18.749951618267954
2025-10-27 18:00:00,30.721831460056745
2025-10-27 19:00:00,38.381908717022725
2025-10-27 20:00:00,34.9919539753887
2025-10-27 21:00:00,24.58088631396407
2025-10-27 22:00:00,48.371964279791264
2025-10-27 23:00:00,32.88952875097404
2025-10-28 00:00:00,41.28822607821069
2025-10-28 01:00:00,32.177375300416436
2025-10-28 02:00:00,37.34937286155284
2025-10-28 03:00:00,36.46766417978759
2025-10-28 04:00:00,51.25065927633932
2025-10-28 05:00:00,48.887395984121405
2025-10-28 06:00:00,55.82443209878295
2025-10-28 07:00:00,52.469626362457994
2025-10-28 08:00:00,53.99035150597353
2025-10-28 09:00:00,44.989956070785524
2025-10-28 10:00:00,39.62655303930354
2025-10-28 11:00:00,48.877203106639804
2025-10-28 12:00:00,36.36366509949908
2025-10-28 13:00:00,34.233019466954495
2025-10-28 14:00:00,39.703096809767956
2025-10-28 15:00:00,28.428343121604378
2025-10-28 16:00:00,32.509620470115344
2025-10-28 17:00:00,25.994037518899486
2025-10-28 18:00:00,30.509553767088754
2025-10-28 19:00:00,23.667430145371988
2025-10-28 20:00:00,34.81188850018092
2025-10-28 21:00:00,33.310786481637166
2025-10-28 22:00:00,27.036796670174994
2025-10-28 23:00:00,37.8560825594221
2025-10-29 00:00:00,38.79443316042439
2025-10-29 01:00:00,43.563737567705836
2025-10-29 02:00:00,46.724810095739365
2025-10-29 03:00:00,47.136323093975534
2025-10-29 04:00:00,41.65568672971255
2025-10-29 05:00:00,56.132451421777915
2025-10-29 06:00:00,48.777879423208844
2025-10-29 07:00:00,52.805207623617434
2025-10-29 08:00:00,54.526765034926754
2025-10-29 09:00:00,48.216044785155916
2025-10-29 10:00:00,44.20999240679528
2025-10-29 11:00:00,44.13943005441183
2025-10-29 12:00:00,44.75594706581347
2025-10-29 13:00:00,36.56328222483058
2025-10-29 14:00:00,38.297746626795586
2025-10-29 15:00:00,38.291979154460705
2025-10-29 16:00:00,29.73833519140726
2025-10-29 17:00:00,25.305393985800666
2025-10-29 18:00:00,32.521420862641875
2025-10-29 19:00:00,33.698103889643335
2025-10-29 20:00:00,31.859098743107147
2025-10-29 21:00:00,42.51889185933854
2025-10-29 22:00:00,37.29392812563244
2025-10-29 23:00:00,38.0471150846575
2025-10-30 00:00:00,34.90215747108963
2025-10-30 01:00:00,44.35601958375209
2025-10-30 02:00:00,43.663053528961925
2025-10-30 03:00:00,54.37070904888322
2025-10-30 04:00:00,45.45130912286541
2025-10-30 05:00:00,52.91690819873422
2025-10-30 06:00:00,49.927984544751496
2025-10-30 07:00:00,53.55415910596485
2025-10-30 08:00:00,57.734056178630006
2025-10-30 09:00:00,42.67570914966428
2025-10-30 10:00:00,49.36186768857344
2025-10-30 11:00:00,40.8923623129681
2025-10-30 12:00:00,41.70485003293173
2025-10-30 13:00:00,37.908689315626866
2025-10-30 14:00:00,35.16132384940764
2025-10-30 15:00:00,34.32340417894341
2025-10-30 16:00:00,24.803197879240958
2025-10-30 17:00:00,36.09715678909409
2025-10-30 18:00:00,29.38522260845178
2025-10-30 19:00:00,23.40631139708439
2025-10-30 20:00:00,33.56228426979162
2025-10-30 21:00:00,34.693735570145314
2025-10-30 22:00:00,32.35074259947433
2025-10-30 23:00:00,28.396580000552376
2025-10-31 00:00:00,41.05300109316494
2025-10-31 01:00:00,36.394774946481526
2025-10-31 02:00:00,39.02875998484252
2025-10-31 03:00:00,30.96653149671899
2025-10-31 04:00:00,45.910713360111586
2025-10-31 05:00:00,50.79322769932426
2025-10-31 06:00:00,52.891590318589934
2025-10-31 07:00:00,51.186885986801684
2025-10-31 08:00:00,49.374053076491606
2025-10-31 09:00:00,50.31145438151239
2025-10-31 10:00:00,45.122866899590754
2025-10-31 11:00:00,44.63799730300558
2025-10-31 12:00:00,34.44188695763388
2025-10-31 13:00:00,33.614803751288726
2025-10-31 14:00:00,33.26237031841935
2025-10-31 15:00:00,32.59776918690146
2025-10-31 16:00:00,30.256297078391707
2025-10-31 17:00:00,28.3136168464987
2025-10-31 18:00:00,37.48060144115305
2025-10-31 19:00:00,27.809164307891248
2025-10-31 20:00:00,30.265561829158575
2025-10-31 21:00:00,32.83248732031236
2025-10-31 22:00:00,23.953871813817972
2025-10-31 23:00:00,37.94698886177518
2025-11-01 00:00:00,45.574158729652986
2025-11-01 01:00:00,38.81014875709536
2025-11-01 02:00:00,52.568971441240315
2025-11-01 03:00:00,49.9396789822358
2025-11-01 04:00:00,53.398589962483676
2025-11-01 05:00:00,57.97588541912327
2025-11-01 06:00:00,61.79331223050898
2025-11-01 07:00:00,53.256941058456505
2025-11-01 08:00:00,51.812856614884964
2025-11-01 09:00:00,61.06271948928383
2025-11-01 10:00:00,59.85104007789721
2025-11-01 11:00:00,42.44759367600409
2025-11-01 12:00:00,43.896343751211035
2025-11-01 13:00:00,37.231069065876284
2025-11-01 14:00:00,40.90596583940517
2025-11-01 15:00:00,36.7294014759038
2025-11-01 16:00:00,33.40853845769389
2025-11-01 17:00:00,32.016465281404265
2025-11-01 18:00:00,28.764653644678635
2025-11-01 19:00:00,45.25183341957481
2025-11-01 20:00:00,37.57145567401259
2025-11-01 21:00:00,35.95928232626411
2025-11-01 22:00:00,42.61192485397724
2025-11-01 23:00:00,42.21374322632096
2025-11-02 00:00:00,48.03855428714361
2025-11-02 01:00:00,45.59639115916714
2025-11-02 02:00:00,45.363333246787235
2025-11-02 03:00:00,50.94352952836595
2025-11-02 04:00:00,51.492088161416405
2025-11-02 05:00:00,46.8780940864858
2025-11-02 06:00:00,49.720755349918335
2025-11-02 07:00:00,55.222563259895125
2025-11-02 08:00:00,55.27583993145042
2025-11-02 09:00:00,56.24397443082031
2025-11-02 10:00:00,56.03219324342898
2025-11-02 11:00:00,48.15466998581887
2025-11-02 12:00:00,44.42129399027592
2025-11-02 13:00:00,47.29283268316027
2025-11-02 14:00:00,42.91420421295912
2025-11-02 15:00:00,30.65791878872367
2025-11-02 16:00:00,36.74818544932552
2025-11-02 17:00:00,38.34521426063656
2025-11-02 18:00:00,30.683774437490918
2025-11-02 19:00:00,34.85863426564594
2025-11-02 20:00:00,39.849329925994766
2025-11-02 21:00:00,45.99828365764703
2025-11-02 22:00:00,39.460126865162984
2025-11-02 23:00:00,43.3137432104939
2025-11-03 00:00:00,41.85854708513798
2025-11-03 01:00:00,46.11172233126003
2025-11-03 02:00:00,41.92643278536101
2025-11-03 03:00:00,35.48072646017209
2025-11-03 04:00:00,45.56149921181673
2025-11-03 05:00:00,51.200426071267394
2025-11-03 06:00:00,51.69642300333919
2025-11-03 07:00:00,48.165346609340176
2025-11-03 08:00:00,51.19253932849207
2025-11-03 09:00:00,40.85693064201698
2025-11-03 10:00:00,47.72730274715998
2025-11-03 11:00:00,34.14056398498736
2025-11-03 12:00:00,44.39769267898731
2025-11-03 13:00:00,41.180142584179166
2025-11-03 14:00:00,33.09922164127086
2025-11-03 15:00:00,27.25606464053879
2025-11-03 16:00:00,23.09672005026271
2025-11-03 17:00:00,27.076726563991087
2025-11-03 18:00:00,35.58640747413526
2025-11-03 19:00:00,32.76206237582265
2025-11-03 20:00:00,39.819136018259044
2025-11-03 21:00:00,31.02872244940751
2025-11-03 22:00:00,32.92599165023679
2025-11-03 23:00:00,42.38407548080295
2025-11-04 00:00:00,42.164040306010044
2025-11-04 01:00:00,36.87080080759419
2025-11-04 02:00:00,50.51539403011715
2025-11-04 03:00:00,42.44037470640317
2025-11-04 04:00:00,48.182366754426205
2025-11-04 05:00:00,56.01747207025688
2025-11-04 06:00:00,43.03550569493708
2025-11-04 07:00:00,48.89088306048097
2025-11-04 08:00:00,47.24255457144757
2025-11-04 09:00:00,44.69780469806214
2025-11-04 10:00:00,44.855324664667044
2025-11-04 11:00:00,46.0928150772188
2025-11-04 12:00:00,40.87915604723985
2025-11-04 13:00:00,37.82566560242808
2025-11-04 14:00:00,32.38493846948013
2025-11-04 15:00:00,34.626772478304694
2025-11-04 16:00:00,36.9722512690844
2025-11-04 17:00:00,31.46075808022917
2025-11-04 18:00:00,38.11611798744801
2025-11-04 19:00:00,25.193493020310406
2025-11-04 20:00:00,35.836322862038024
2025-11-04 21:00:00,27.005591981091165
2025-11-04 22:00:00,39.96604447294164
2025-11-04 23:00:00,36.263206027059354
2025-11-05 00:00:00,41.70743010631012
2025-11-05 01:00:00,42.90104942834291
2025-11-05 02:00:00,50.705608897745655
2025-11-05 03:00:00,43.492756668377616
2025-11-05 04:00:00,47.72067733317028
2025-11-05 05:00:00,52.42902145692443
2025-11-05 06:00:00,51.56295882511354
2025-11-05 07:00:00,54.17430967438512
2025-11-05 08:00:00,45.92547299425092
2025-11-05 09:00:00,44.069595148555415
2025-11-05 10:00:00,43.4304914173161
2025-11-05 11:00:00,51.22026912607991
2025-11-05 12:00:00,44.817813946928304
2025-11-05 13:00:00,32.64818586410981
2025-11-05 14:00:00,32.72535209255065
2025-11-05 15:00:00,42.447024676374866
2025-11-05 16:00:00,22.719149606697503
2025-11-05 17:00:00,27.558991884485277
2025-11-05 18:00:00,23.28874354552557
2025-11-05 19:00:00,32.16398031089082
2025-11-05 20:00:00,34.008147333063256
2025-11-05 21:00:00,29.35941658836237
2025-11-05 22:00:00,25.268914338785223
2025-11-05 23:00:00,42.74061058872513
2025-11-06 00:00:00,44.67402548876368
2025-11-06 01:00:00,35.63318331892966
2025-11-06 02:00:00,55.58957717611574
2025-11-06 03:00:00,40.77954602310058
2025-11-06 04:00:00,49.642454933930516
2025-11-06 05:00:00,53.12136786073642
2025-11-06 06:00:00,48.290310303785205
2025-11-06 07:00:00,50.329886788582016
2025-11-06 08:00:00,49.453648054153525
2025-11-06 09:00:00,49.7273997841793
2025-11-06 10:00:00,37.347764055700004
2025-11-06 11:00:00,36.13932885220271
2025-11-06 12:00:00,41.102985895412246
2025-11-06 13:00:00,46.235806167993964
2025-11-06 14:00:00,39.84233554011355
2025-11-06 15:00:00,38.86806811454199
2025-11-06 16:00:00,34.223957403780574
2025-11-06 17:00:00,37.02428713686893
2025-11-06 18:00:00,34.901740776059626
2025-11-06 19:00:00,31.55316901721414
2025-11-06 20:00:00,22.622465991752108
2025-11-06 21:00:00,30.275851712294276
2025-11-06 22:00:00,34.90407926150325
2025-11-06 23:00:00,30.501984589679786
2025-11-07 00:00:00,39.95054606602247
2025-11-07 01:00:00,27.45331627104916
2025-11-07 02:00:00,47.90494010939018
2025-11-07 03:00:00,42.01970157425227
2025-11-07 04:00:00,53.51275628254723
2025-11-07 05:00:00,51.77796332456617
2025-11-07 06:00:00,43.447182571410565
2025-11-07 07:00:00,48.32559723416701
2025-11-07 08:00:00,56.54725802878591
2025-11-07 09:00:00,36.53954622442338
2025-11-07 10:00:00,52.556911810637274
2025-11-07 11:00:00,42.57671346308706
2025-11-07 12:00:00,38.70019002071883
2025-11-07 13:00:00,39.37877044357856
2025-11-07 14:00:00,37.852372949753075
2025-11-07 15:00:00,43.98493534065103
2025-11-07 16:00:00,40.17754181461267
2025-11-07 17:00:00,27.33131802101372
2025-11-07 18:00:00,37.82287858645129
2025-11-07 19:00:00,30.30379572596221
2025-11-07 20:00:00,25.749995079287704
2025-11-07 21:00:00,37.31450753854569
2025-11-07 22:00:00,32.80077070660256
2025-11-07 23:00:00,44.62681655305373
2025-11-08 00:00:00,42.86791135618283
2025-11-08 01:00:00,53.85464017210566
2025-11-08 02:00:00,58.22585969428769
2025-11-08 03:00:00,51.0252876453984
2025-11-08 04:00:00,51.780318371091795
2025-11-08 05:00:00,42.6200892789005
2025-11-08 06:00:00,51.93208757581362
2025-11-08 07:00:00,53.009477650351066
2025-11-08 08:00:00,52.26806266181621
2025-11-08 09:00:00,58.57906223977183
2025-11-08 10:00:00,55.43239008617638
2025-11-08 11:00:00,51.281449759078654
2025-11-08 12:00:00,43.45827393987976
2025-11-08 13:00:00,47.27763408548646
2025-11-08 14:00:00,38.85536164964134
2025-11-08 15:00:00,28.312920152861032
2025-11-08 16:00:00,30.267471157465486
2025-11-08 17:00:00,31.809489742338897
2025-11-08 18:00:00,33.678679456262905
2025-11-08 19:00:00,30.21090461689965
2025-11-08 20:00:00,35.55396624822004
2025-11-08 21:00:00,41.26988459045713
2025-11-08 22:00:00,37.279569435926575
2025-11-08 23:00:00,35.86964765702468
2025-11-09 00:00:00,46.54099817850889
2025-11-09 01:00:00,43.00386585053819
2025-11-09 02:00:00,51.521163520662135
2025-11-09 03:00:00,49.465131265316195
2025-11-09 04:00:00,54.82149991325575
2025-11-09 05:00:00,50.66776524430246
2025-11-09 06:00:00,58.731250391158895
2025-11-09 07:00:00,55.56918711654466
2025-11-09 08:00:00,51.89278517477016
2025-11-09 09:00:00,51.83641041443629
2025-11-09 10:00:00,52.45125003947566
2025-11-09 11:00:00,47.84349210329323
2025-11-09 12:00:00,48.90442530392857
2025-11-09 13:00:00,39.86424862994668
2025-11-09 14:00:00,45.68819239882858
2025-11-09 15:00:00,30.843431522642245
2025-11-09 16:00:00,39.38789630884516
2025-11-09 17:00:00,34.65799464017511
2025-11-09 18:00:00,44.83694544881376
2025-11-09 19:00:00,36.19470686833805
2025-11-09 20:00:00,27.448021519389556
2025-11-09 21:00:00,40.02080247594886
2025-11-09 22:00:00,37.45391590398745
2025-11-09 23:00:00,46.08900512996797
2025-11-10 00:00:00,47.52042098603538
2025-11-10 01:00:00,41.058650374223106
2025-11-10 02:00:00,44.40726686981571
2025-11-10 03:00:00,51.838948676725664
2025-11-10 04:00:00,52.4465411116552
2025-11-10 05:00:00,45.26047838542722
2025-11-10 06:00:00,34.892148228923006
2025-11-10 07:00:00,56.19689112406832
2025-11-10 08:00:00,55.55907701169096
2025-11-10 09:00:00,51.95683117756425
2025-11-10 10:00:00,46.95212629979997
2025-11-10 11:00:00,51.46526957699432
2025-11-10 12:00:00,36.735664363515156
2025-11-10 13:00:00,38.60008941087333
2025-11-10 14:00:00,37.67759809740764
2025-11-10 15:00:00,35.12906652138486
2025-11-10 16:00:00,28.254319050267632
2025-11-10 17:00:00,26.101292702388335
2025-11-10 18:00:00,34.65458609851174
2025-11-10 19:00:00,16.135452221206307
2025-11-10 20:00:00,30.023476571652875
2025-11-10 21:00:00,35.44191074101236
2025-11-10 22:00:00,30.05702745539966
2025-11-10 23:00:00,40.50244131668349
2025-11-11 00:00:00,46.65817001547906
2025-11-11 01:00:00,33.25820358326247
2025-11-11 02:00:00,49.32432414336728
2025-11-11 03:00:00,46.52079754277088
2025-11-11 04:00:00,53.93296850414411
2025-11-11 05:00:00,46.69957076303437
2025-11-11 06:00:00,41.44031114192194
2025-11-11 07:00:00,44.09780718230937
2025-11-11 08:00:00,52.74880799503725
2025-11-11 09:00:00,46.73174059367047
2025-11-11 10:00:00,55.678578847614794
2025-11-11 11:00:00,42.24870300948377
2025-11-11 12:00:00,39.25945227682834
2025-11-11 13:00:00,34.737463870022395
2025-11-11 14:00:00,34.50631699638936
2025-11-11 15:00:00,28.987326127316614
2025-11-11 16:00:00,26.741916014885014
2025-11-11 17:00:00,25.485224650162714
2025-11-11 18:00:00,28.183134540026554
2025-11-11 19:00:00,28.430473698998252
2025-11-11 20:00:00,29.23672376585503
2025-11-11 21:00:00,35.824751555345145
2025-11-11 22:00:00,37.27626697651997
2025-11-11 23:00:00,37.724746024761636
2025-11-12 00:00:00,38.87788512382221
2025-11-12 01:00:00,42.84266825995201
2025-11-12 02:00:00,49.65516847716503
2025-11-12 03:00:00,53.23054059264158
2025-11-12 04:00:00,45.02049272726182
2025-11-12 05:00:00,46.1570158399677
2025-11-12 06:00:00,47.32901752645507
2025-11-12 07:00:00,55.67857559080035
2025-11-12 08:00:00,43.834474309696496
2025-11-12 09:00:00,51.93400329913026
2025-11-12 10:00:00,37.79813538316405
2025-11-12 11:00:00,50.75315952567255
2025-11-12 12:00:00,40.62538005276193
2025-11-12 13:00:00,36.2452504497277
2025-11-12 14:00:00,35.46413834335797
2025-11-12 15:00:00,27.127829928886072
2025-11-12 16:00:00,36.60519520058294
2025-11-12 17:00:00,34.57755910522875
2025-11-12 18:00:00,29.32306689553953
2025-11-12 19:00:00,21.32357195972581
2025-11-12 20:00:00,37.62668051919946
2025-11-12 21:00:00,39.53101171824939
2025-11-12 22:00:00,32.5747788405185
2025-11-12 23:00:00,38.741474158921676
2025-11-13 00:00:00,38.25529212486743
2025-11-13 01:00:00,42.6680712376944
2025-11-13 02:00:00,55.34929470016431
2025-11-13 03:00:00,38.21662032812306
2025-11-13 04:00:00,50.97463163650416
2025-11-13 05:00:00,50.21851045210769
2025-11-13 06:00:00,55.535249458974924
2025-11-13 07:00:00,54.23093292504959
2025-11-13 08:00:00,44.898016188069036
2025-11-13 09:00:00,46.548711637593755
2025-11-13 10:00:00,45.016558195165686
2025-11-13 11:00:00,46.51429023708612
2025-11-13 12:00:00,35.94320614246173
2025-11-13 13:00:00,33.99998120251761
2025-11-13 14:00:00,43.91416429771741
2025-11-13 15:00:00,40.41966753134946
2025-11-13 16:00:00,28.636251052657038
2025-11-13 17:00:00,31.689050205213064
2025-11-13 18:00:00,25.4322602858548
2025-11-13 19:00:00,26.560189129447085
2025-11-13 20:00:00,29.458385448346398
2025-11-13 21:00:00,36.85144807271497
2025-11-13 22:00:00,38.496076310617646
2025-11-13 23:00:00,41.46810712451011
2025-11-14 00:00:00,37.16483750278368
2025-11-14 01:00:00,50.63343774273026
2025-11-14 02:00:00,54.338871167565216
2025-11-14 03:00:00,48.71483565813183
2025-11-14 04:00:00,54.651972384116796
2025-11-14 05:00:00,51.666664229721846
2025-11-14 06:00:00,58.03117345452106
2025-11-14 07:00:00,54.43877400104586
2025-11-14 08:00:00,39.68478953935011
2025-11-14 09:00:00,50.60110766362324
2025-11-14 10:00:00,43.505893664457155
2025-11-14 11:00:00,42.76774423029814
2025-11-14 12:00:00,34.72980623711184
2025-11-14 13:00:00,40.604345667930446
2025-11-14 14:00:00,31.572311133322874
2025-11-14 15:00:00,26.060056180161574
2025-11-14 16:00:00,31.591577023253265
2025-11-14 17:00:00,20.23170954980841
2025-11-14 18:00:00,36.11221055705289
2025-11-14 19:00:00,36.536686693043876
2025-11-14 20:00:00,26.43414678657789
2025-11-14 21:00:00,26.32900087370853
2025-11-14 22:00:00,27.60609674630793
2025-11-14 23:00:00,39.1701020759178
2025-11-15 00:00:00,38.1545946720554
2025-11-15 01:00:00,54.28169258246388
2025-11-15 02:00:00,56.371808806062745
2025-11-15 03:00:00,44.21599333064616
2025-11-15 04:00:00,65.27173031857
2025-11-15 05:00:00,56.269190717970986
2025-11-15 06:00:00,50.53831347852922
2025-11-15 07:00:00,56.95282936770822
2025-11-15 08:00:00,55.9432258197285
2025-11-15 09:00:00,54.1662303541973
2025-11-15 10:00:00,46.56147916842212
2025-11-15 11:00:00,48.70578185768622
2025-11-15 12:00:00,47.02861951170039
2025-11-15 13:00:00,40.1258033967801
2025-11-15 14:00:00,42.662253532452205
2025-11-15 15:00:00,35.686063720941355
2025-11-15 16:00:00,29.500916609328456
2025-11-15 17:00:00,31.914779445193865
2025-11-15 18:00:00,31.893853776883958
2025-11-15 19:00:00,35.59345792590829
2025-11-15 20:00:00,26.794151602498225
2025-11-15 21:00:00,38.70065687435172
2025-11-15 22:00:00,36.47186190961699
2025-11-15 23:00:00,45.07846932087294
2025-11-16 00:00:00,40.94618437054915
2025-11-16 01:00:00,39.04882782197432
2025-11-16 02:00:00,52.138118503000356
2025-11-16 03:00:00,46.41633771897118
2025-11-16 04:00:00,59.83279453784536
2025-11-16 05:00:00,57.27397035072427
2025-11-16 06:00:00,50.99030790511555
2025-11-16 07:00:00,50.59497623903168
2025-11-16 08:00:00,51.54124254091961
2025-11-16 09:00:00,57.09567876358764
2025-11-16 10:00:00,50.11711310908211
2025-11-16 11:00:00,50.12939304843242
2025-11-16 12:00:00,49.262144356621086
2025-11-16 13:00:00,47.03198987613605
2025-11-16 14:00:00,36.83613142374028
2025-11-16 15:00:00,34.46219473794888
2025-11-16 16:00:00,42.93190210357841
2025-11-16 17:00:00,34.393145128003695
2025-11-16 18:00:00,31.62825571355026
2025-11-16 19:00:00,32.05349682637901
2025-11-16 20:00:00,39.05109597137296
2025-11-16 21:00:00,36.3710149099332
2025-11-16 22:00:00,31.138789519602945
2025-11-16 23:00:00,42.56358482031784
2025-11-17 00:00:00,34.74521191550342
2025-11-17 01:00:00,49.52015635107994
2025-11-17 02:00:00,48.874507490931265
2025-11-17 03:00:00,47.57374624121821
2025-11-17 04:00:00,62.38771270513173
2025-11-17 05:00:00,55.02727230201189
2025-11-17 06:00:00,48.76549835628502
2025-11-17 07:00:00,49.65098660756794
2025-11-17 08:00:00,54.802609338535746
2025-11-17 09:00:00,44.0340820114174
2025-11-17 10:00:00,43.545355533503674
2025-11-17 11:00:00,39.60974470090171
2025-11-17 12:00:00,43.47556898207893
2025-11-17 13:00:00,33.601430286112965
2025-11-17 14:00:00,33.90228142868076
2025-11-17 15:00:00,33.8466991527457
2025-11-17 16:00:00,31.71555956461445
2025-11-17 17:00:00,30.27390833417503
2025-11-17 18:00:00,24.514459781953313
2025-11-17 19:00:00,34.86428259890844
2025-11-17 20:00:00,33.96240418524985
2025-11-17 21:00:00,32.616342364596726
2025-11-17 22:00:00,35.90513166031848
2025-11-17 23:00:00,41.262893630128865
2025-11-18 00:00:00,46.65416195410872
2025-11-18 01:00:00,39.66196125755788
2025-11-18 02:00:00,39.81941306311744
2025-11-18 03:00:00,43.698665766073454
2025-11-18 04:00:00,50.77469603228351
2025-11-18 05:00:00,45.163141007469704
2025-11-18 06:00:00,57.135117480572106
2025-11-18 07:00:00,52.75692236958784
2025-11-18 08:00:00,52.67140545422453
2025-11-18 09:00:00,42.96520291497917
2025-11-18 10:00:00,47.721127784632046
2025-11-18 11:00:00,44.730797787398195
2025-11-18 12:00:00,42.00591014437776
2025-11-18 13:00:00,37.28701888433683
2025-11-18 14:00:00,40.18477515587114
2025-11-18 15:00:00,34.691151387532706
2025-11-18 16:00:00,28.558230375690414
2025-11-18 17:00:00,39.29600756262603
2025-11-18 18:00:00,29.65159999591945
2025-11-18 19:00:00,33.14922067962877
2025-11-18 20:00:00,24.96448158158811
2025-11-18 21:00:00,43.06934340955517
2025-11-18 22:00:00,37.44001315245857
2025-11-18 23:00:00,35.39804378189503
2025-11-19 00:00:00,40.44105334065638
2025-11-19 01:00:00,45.04549822714485
2025-11-19 02:00:00,41.43633305822621
2025-11-19 03:00:00,49.33441580701916
2025-11-19 04:00:00,46.71705829164675
2025-11-19 05:00:00,46.43302875314145
2025-11-19 06:00:00,52.59405565337458
2025-11-19 07:00:00,48.15883428557197
2025-11-19 08:00:00,48.73572098327187
2025-11-19 09:00:00,54.3363525652631
2025-11-19 10:00:00,49.84529336475507
2025-11-19 11:00:00,44.22628829382689
2025-11-19 12:00:00,31.715016503331146
2025-11-19 13:00:00,42.00711650351748
2025-11-19 14:00:00,28.398236399894913
2025-11-19 15:00:00,35.97850878259646
2025-11-19 16:00:00,27.61077644027935
2025-11-19 17:00:00,37.336247122774864
2025-11-19 18:00:00,33.09652561818665
2025-11-19 19:00:00,28.211406852949047
2025-11-19 20:00:00,33.516754210491854
2025-11-19 21:00:00,35.40968064227979
2025-11-19 22:00:00,30.721842773799693
2025-11-19 23:00:00,48.29397848063596
2025-11-20 00:00:00,47.665709017087316
2025-11-20 01:00:00,48.54475660276826
2025-11-20 02:00:00,42.78949561719417
2025-11-20 03:00:00,45.87040937190085
2025-11-20 04:00:00,53.05043565227742
2025-11-20 05:00:00,40.93094813034163
2025-11-20 06:00:00,39.933707663047144
2025-11-20 07:00:00,49.43427269279234
2025-11-20 08:00:00,49.03839320510949
2025-11-20 09:00:00,39.58903270556948
2025-11-20 10:00:00,44.56920474783146
2025-11-20 11:00:00,37.470368267808546
2025-11-20 12:00:00,37.87607370849459
2025-11-20 13:00:00,39.1520172352668
2025-11-20 14:00:00,35.69204969591972
2025-11-20 15:00:00,33.58255208675298
2025-11-20 16:00:00,25.7135766534317
2025-11-20 17:00:00,30.13074380210882
2025-11-20 18:00:00,26.10836011181369
2025-11-20 19:00:00,32.653221740272336
2025-11-20 20:00:00,31.18279712320836
2025-11-20 21:00:00,32.12749958203217
2025-11-20 22:00:00,54.04646623102208
2025-11-20 23:00:00,30.79874226929433
2025-11-21 00:00:00,41.57728956179566
2025-11-21 01:00:00,40.22387013357522
2025-11-21 02:00:00,41.56875377453058
2025-11-21 03:00:00,46.11782040344474
2025-11-21 04:00:00,43.13074657691263
2025-11-21 05:00:00,44.92886915214088
2025-11-21 06:00:00,50.09996004338989
2025-11-21 07:00:00,47.619277370727175
2025-11-21 08:00:00,52.997273796971086
2025-11-21 09:00:00,49.06897817840469
2025-11-21 10:00:00,39.22614284258324
2025-11-21 11:00:00,38.57097423649218
2025-11-21 12:00:00,37.32401145157534
2025-11-21 13:00:00,28.293747958320093
2025-11-21 14:00:00,38.286490661850145
2025-11-21 15:00:00,31.512572250137907
2025-11-21 16:00:00,37.480717054569105
2025-11-21 17:00:00,35.303628138444886
2025-11-21 18:00:00,32.83282814110799
2025-11-21 19:00:00,32.40640896959343
2025-11-21 20:00:00,31.441118096353893
2025-11-21 21:00:00,32.42238753310753
2025-11-21 22:00:00,26.49384788497685
2025-11-21 23:00:00,32.74233086478568
2025-11-22 00:00:00,46.97702509115137
2025-11-22 01:00:00,50.66526887382851
2025-11-22 02:00:00,43.17082301660655
2025-11-22 03:00:00,51.816300902155454
2025-11-22 04:00:00,57.97969908335105
2025-11-22 05:00:00,52.63041546854144
2025-11-22 06:00:00,55.94778919774861
2025-11-22 07:00:00,45.19773284618691
2025-11-22 08:00:00,58.24509838186609
2025-11-22 09:00:00,53.655407937037694
2025-11-22 10:00:00,46.03655849935404
2025-11-22 11:00:00,41.258426307471794
2025-11-22 12:00:00,49.368658279293655
2025-11-22 13:00:00,43.671967130425934
2025-11-22 14:00:00,43.60276191721989
2025-11-22 15:00:00,45.924072861334174
2025-11-22 16:00:00,39.62602701404783
2025-11-22 17:00:00,41.36770436938558
2025-11-22 18:00:00,41.255235821051286
2025-11-22 19:00:00,33.219174060613334
2025-11-22 20:00:00,37.28845477724256
2025-11-22 21:00:00,43.10969999808628
2025-11-22 22:00:00,32.96777560382747
2025-11-22 23:00:00,40.397275300895544
2025-11-23 00:00:00,47.146737214726855
2025-11-23 01:00:00,33.76101804991801
2025-11-23 02:00:00,51.93375216793911
2025-11-23 03:00:00,49.31353444012052
2025-11-23 04:00:00,54.695060921033644
2025-11-23 05:00:00,55.638425240376506
2025-11-23 06:00:00,55.74740376515034
2025-11-23 07:00:00,53.0937055591148
2025-11-23 08:00:00,57.53494512881802
2025-11-23 09:00:00,53.67833656446216
2025-11-23 10:00:00,51.44949710509922
2025-11-23 11:00:00,41.89522568196275
2025-11-23 12:00:00,45.4867098285865
2025-11-23 13:00:00,37.33555235072677
2025-11-23 14:00:00,41.25570696617527
2025-11-23 15:00:00,47.637203027680386
2025-11-23 16:00:00,35.47151152117593
2025-11-23 17:00:00,35.023262003513835
2025-11-23 18:00:00,37.91283392371611
2025-11-23 19:00:00,31.775211937008198
2025-11-23 20:00:00,36.921095363747014
2025-11-23 21:00:00,43.91879821516395
2025-11-23 22:00:00,32.03017570338307
2025-11-23 23:00:00,43.309077971376794
2025-11-24 00:00:00,36.390260175655214
2025-11-24 01:00:00,33.91526055836565
2025-11-24 02:00:00,49.50493339522308
2025-11-24 03:00:00,44.35207690672315
2025-11-24 04:00:00,43.797635945359765
2025-11-24 05:00:00,49.137296600688636
2025-11-24 06:00:00,40.33321775419673
2025-11-24 07:00:00,43.347908343014744
2025-11-24 08:00:00,52.01041733118852
2025-11-24 09:00:00,49.54084148683216
2025-11-24 10:00:00,43.13822345913904
2025-11-24 11:00:00,42.793669887623075
2025-11-24 12:00:00,42.97033031142919
2025-11-24 13:00:00,43.23032915598405
2025-11-24 14:00:00,37.09309615626853
2025-11-24 15:00:00,28.05529883216289
2025-11-24 16:00:00,26.207235202802707
2025-11-24 17:00:00,32.47072476683999
2025-11-24 18:00:00,32.89986061509916
2025-11-24 19:00:00,32.716133806335414
2025-11-24 20:00:00,45.550023114008134
2025-11-24 21:00:00,26.977988377956283
2025-11-24 22:00:00,31.20338697826561
2025-11-24 23:00:00,33.79468470867361
2025-11-25 00:00:00,44.98288356699598
2025-11-25 01:00:00,40.40026492543372
2025-11-25 02:00:00,45.442969970407816
2025-11-25 03:00:00,50.24139603284244
2025-11-25 04:00:00,52.5734445949039
2025-11-25 05:00:00,46.9247648116092
2025-11-25 06:00:00,49.22760203916355
2025-11-25 07:00:00,51.335446976038035
2025-11-25 08:00:00,43.701798962125814
2025-11-25 09:00:00,47.38025315793774
2025-11-25 10:00:00,43.3283731647098
2025-11-25 11:00:00,39.37190473396877
2025-11-25 12:00:00,42.650780540993125
2025-11-25 13:00:00,42.88955477221381
2025-11-25 14:00:00,34.819477087372604
2025-11-25 15:00:00,36.1220838753065
2025-11-25 16:00:00,33.643471508001106
2025-11-25 17:00:00,33.455367237907936
2025-11-25 18:00:00,24.682118446476334
2025-11-25 19:00:00,35.69357690467437
2025-11-25 20:00:00,25.59746436865995
2025-11-25 21:00:00,24.660167749941007
2025-11-25 22:00:00,34.381515019688585
2025-11-25 23:00:00,36.11105276550031
2025-11-26 00:00:00,43.07836866116856
2025-11-26 01:00:00,38.877873676105054
2025-11-26 02:00:00,52.48641040730374
2025-11-26 03:00:00,46.86706538604929
2025-11-26 04:00:00,50.364268346546275
2025-11-26 05:00:00,50.777681640527284
2025-11-26 06:00:00,45.771721032735044
2025-11-26 07:00:00,50.70243601781289
2025-11-26 08:00:00,53.21001706737393
2025-11-26 09:00:00,54.962537937325074
2025-11-26 10:00:00,47.18291673134068
2025-11-26 11:00:00,38.6286108294645
2025-11-26 12:00:00,33.23059397160914
2025-11-26 13:00:00,30.836841199536057
2025-11-26 14:00:00,36.35120640861013
2025-11-26 15:00:00,39.43879872436046
2025-11-26 16:00:00,22.529736131810132
2025-11-26 17:00:00,24.683108460867512
2025-11-26 18:00:00,38.055585017796005
2025-11-26 19:00:00,30.43845113753126
2025-11-26 20:00:00,36.08728386875352
2025-11-26 21:00:00,39.4382160316467
2025-11-26 22:00:00,32.66666549082053
2025-11-26 23:00:00,42.45563181231919
2025-11-27 00:00:00,32.93125278496363
2025-11-27 01:00:00,46.93027685798355
2025-11-27 02:00:00,52.022908528820345
2025-11-27 03:00:00,35.394622892976386
2025-11-27 04:00:00,59.56225321901049
2025-11-27 05:00:00,43.87200658967925
2025-11-27 06:00:00,49.46206704369183
2025-11-27 07:00:00,50.513761021191705
2025-11-27 08:00:00,46.603760986004474
2025-11-27 09:00:00,48.29151325788446
2025-11-27 10:00:00,52.05976280624627
2025-11-27 11:00:00,38.46377614187503
2025-11-27 12:00:00,42.72040774422108
2025-11-27 13:00:00,35.4728341623919
2025-11-27 14:00:00,36.014732513467536
2025-11-27 15:00:00,35.00163951959867
2025-11-27 16:00:00,29.223258834617816
2025-11-27 17:00:00,25.22389583688468
2025-11-27 18:00:00,37.833293383434004
2025-11-27 19:00:00,36.75425782855543
2025-11-27 20:00:00,26.137964875502227
2025-11-27 21:00:00,25.322088269354545
2025-11-27 22:00:00,37.171026363190606
2025-11-27 23:00:00,40.62770822173077
2025-11-28 00:00:00,43.079795975131184
2025-11-28 01:00:00,45.201733547005
2025-11-28 02:00:00,50.92919294684897
2025-11-28 03:00:00,38.21129172036662
2025-11-28 04:00:00,43.84837617074827
2025-11-28 05:00:00,59.027589709505136
2025-11-28 06:00:00,50.80940968892943
2025-11-28 07:00:00,53.377439120941105
2025-11-28 08:00:00,56.26826431075219
2025-11-28 09:00:00,50.99414357056711
2025-11-28 10:00:00,51.79610046165499
2025-11-28 11:00:00,46.95591473715552
2025-11-28 12:00:00,36.51210869979413
2025-11-28 13:00:00,30.162543065940085
2025-11-28 14:00:00,36.00488926017004
2025-11-28 15:00:00,40.353558875109705
2025-11-28 16:00:00,28.994458653917814
2025-11-28 17:00:00,21.25344906727949
2025-11-28 18:00:00,33.37660170006082
2025-11-28 19:00:00,41.52780473091349
2025-11-28 20:00:00,38.237382513136275
2025-11-28 21:00:00,29.595844578698635
2025-11-28 22:00:00,38.76353822350447
2025-11-28 23:00:00,48.08844230555961
2025-11-29 00:00:00,46.82860028055632
2025-11-29 01:00:00,43.333715205786106
2025-11-29 02:00:00,46.457001105913854
2025-11-29 03:00:00,55.30396707415819
2025-11-29 04:00:00,48.189073849017326
2025-11-29 05:00:00,49.78102302626395
2025-11-29 06:00:00,58.80143608531621
2025-11-29 07:00:00,53.599969791642124
2025-11-29 08:00:00,53.10235938230925
2025-11-29 09:00:00,49.726411718700014
2025-11-29 10:00:00,56.222662255978534
2025-11-29 11:00:00,51.757927181890054
2025-11-29 12:00:00,42.383574043416
2025-11-29 13:00:00,42.03733903495332
2025-11-29 14:00:00,33.45889364153967
2025-11-29 15:00:00,45.33437733368917
2025-11-29 16:00:00,40.20358017264851
2025-11-29 17:00:00,40.47087492461868
2025-11-29 18:00:00,31.732453308669186
2025-11-29 19:00:00,38.825924038977334
2025-11-29 20:00:00,24.502966053798275
2025-11-29 21:00:00,36.73676604426982
2025-11-29 22:00:00,41.6107892485998
2025-11-29 23:00:00,35.39470471256278
2025-11-30 00:00:00,41.0326712951982
2025-11-30 01:00:00,34.87459306640566
2025-11-30 02:00:00,55.2060824720558
2025-11-30 03:00:00,55.78965117636184
2025-11-30 04:00:00,60.79369463675185
2025-11-30 05:00:00,50.93405809211739
2025-11-30 06:00:00,59.25808771429288
2025-11-30 07:00:00,57.50440395682614
2025-11-30 08:00:00,51.74231681031465
2025-11-30 09:00:00,46.91550117864094
2025-11-30 10:00:00,55.233482448302496
2025-11-30 11:00:00,53.75213742984132
2025-11-30 12:00:00,49.65701549880811
2025-11-30 13:00:00,48.38573058477743
2025-11-30 14:00:00,31.41966814627388
2025-11-30 15:00:00,34.086320675313075
2025-11-30 16:00:00,34.245455494230576
2025-11-30 17:00:00,35.414916523667564
2025-11-30 18:00:00,33.85121533231867
2025-11-30 19:00:00,37.005038072415324
2025-11-30 20:00:00,37.15767249151326
2025-11-30 21:00:00,36.827542445225895
2025-11-30 22:00:00,42.1101860672441
2025-11-30 23:00:00,42.096182835510305
2025-12-01 00:00:00,40.207151222566814
2025-12-01 01:00:00,39.96854216734192
2025-12-01 02:00:00,41.35228661163137
2025-12-01 03:00:00,48.83952482036317
2025-12-01 04:00:00,51.78097834565541
2025-12-01 05:00:00,49.07758209831182
2025-12-01 06:00:00,53.77516028146415
2025-12-01 07:00:00,61.083478073055275
2025-12-01 08:00:00,40.750707773282116
2025-12-01 09:00:00,45.28828931371998
2025-12-01 10:00:00,43.829407797466835
2025-12-01 11:00:00,43.717940722538216
2025-12-01 12:00:00,38.922547109457334
2025-12-01 13:00:00,45.03194993855065
2025-12-01 14:00:00,30.763085887714126
2025-12-01 15:00:00,36.22164459823473
2025-12-01 16:00:00,37.15809416697922
2025-12-01 17:00:00,29.379004000387884
2025-12-01 18:00:00,29.589459581771695
2025-12-01 19:00:00,44.80298816313871
2025-12-01 20:00:00,32.04760277273568
2025-12-01 21:00:00,28.224917450299742
2025-12-01 22:00:00,38.23461179493176
2025-12-01 23:00:00,28.385290890166292
2025-12-02 00:00:00,48.032133004006894
2025-12-02 01:00:00,41.999150863441585
2025-12-02 02:00:00,38.87728263760334
2025-12-02 03:00:00,52.949146653992734
2025-12-02 04:00:00,48.27791191764877
2025-12-02 05:00:00,56.25317368553097
2025-12-02 06:00:00,47.233234070801075
2025-12-02 07:00:00,43.07919178090987
2025-12-02 08:00:00,40.919173453989636
2025-12-02 09:00:00,50.021799879808334
2025-12-02 10:00:00,45.00201394174325
2025-12-02 11:00:00,35.33678257279169
2025-12-02 12:00:00,39.54508527040842
2025-12-02 13:00:00,33.247424220133524
2025-12-02 14:00:00,30.72353499758964
2025-12-02 15:00:00,30.562385364351837
2025-12-02 16:00:00,35.89117088693008
2025-12-02 17:00:00,32.98340071513245
2025-12-02 18:00:00,20.58083150829009
2025-12-02 19:00:00,28.96635594746391
2025-12-02 20:00:00,31.783698726139615
2025-12-02 21:00:00,37.61702989589612
2025-12-02 22:00:00,35.48376911889657
2025-12-02 23:00:00,36.820271405034966
2025-12-03 00:00:00,38.5432111702875
2025-12-03 01:00:00,47.00690813360165
2025-12-03 02:00:00,39.25078898464068
2025-12-03 03:00:00,50.029584000145476
2025-12-03 04:00:00,52.19318179194749
2025-12-03 05:00:00,49.377342726647875
2025-12-03 06:00:00,50.61232190984015
2025-12-03 07:00:00,55.05489157277462
2025-12-03 08:00:00,52.89422646392833
2025-12-03 09:00:00,44.667989873081325
2025-12-03 10:00:00,46.14830442099383
2025-12-03 11:00:00,38.47586904634312
2025-12-03 12:00:00,31.529485959835487
2025-12-03 13:00:00,38.14480299394536
2025-12-03 14:00:00,42.76922935729476
2025-12-03 15:00:00,30.88729158869762
2025-12-03 16:00:00,28.378828742494996
2025-12-03 17:00:00,37.11825144235444
2025-12-03 18:00:00,35.46085135452629
2025-12-03 19:00:00,33.74950629519564
2025-12-03 20:00:00,37.90969982743501
2025-12-03 21:00:00,38.27970508484374
2025-12-03 22:00:00,27.8511567137416
2025-12-03 23:00:00,36.72664477482731
2025-12-04 00:00:00,42.96047824242991
2025-12-04 01:00:00,35.47043313641647
2025-12-04 02:00:00,48.253642615837144
2025-12-04 03:00:00,46.29816373989982
2025-12-04 04:00:00,49.89084814239578
2025-12-04 05:00:00,55.32965787833306
2025-12-04 06:00:00,42.477088657578605
2025-12-04 07:00:00,52.114884329410664
2025-12-04 08:00:00,59.271439958332394
2025-12-04 09:00:00,47.75198384502672
2025-12-04 10:00:00,38.54501964992539
2025-12-04 11:00:00,39.588414022649154
2025-12-04 12:00:00,34.50534245632827
2025-12-04 13:00:00,37.6170052710425
2025-12-04 14:00:00,34.41174729088967
2025-12-04 15:00:00,34.33828724413942
2025-12-04 16:00:00,31.997582575427856
2025-12-04 17:00:00,27.93919791307774
2025-12-04 18:00:00,25.12381647064462
2025-12-04 19:00:00,25.56591009477899
2025-12-04 20:00:00,34.62669465702689
2025-12-04 21:00:00,30.29269770346392
2025-12-04 22:00:00,31.5710767659179
2025-12-04 23:00:00,39.04973460246734
2025-12-05 00:00:00,35.64494981054384
2025-12-05 01:00:00,35.667693525207234
2025-12-05 02:00:00,39.45935032734452
2025-12-05 03:00:00,48.82848109473766
2025-12-05 04:00:00,46.65492831173038
2025-12-05 05:00:00,46.30660011012435
2025-12-05 06:00:00,54.634947650831045
2025-12-05 07:00:00,46.31406767910939
2025-12-05 08:00:00,46.51211502526575
2025-12-05 09:00:00,51.14997407108565
2025-12-05 10:00:00,53.21707070553893
2025-12-05 11:00:00,46.031696785682215
2025-12-05 12:00:00,40.27963790256712
2025-12-05 13:00:00,42.15568284791769
2025-12-05 14:00:00,41.288201836356684
2025-12-05 15:00:00,27.28169145566335
2025-12-05 16:00:00,28.005587905543283
2025-12-05 17:00:00,33.039707592028606
2025-12-05 18:00:00,28.132237705321938
2025-12-05 19:00:00,36.239959394307895
2025-12-05 20:00:00,28.530055972533788
2025-12-05 21:00:00,27.344972012633985
2025-12-05 22:00:00,31.809747770516616
2025-12-05 23:00:00,41.72184222768925
2025-12-06 00:00:00,42.841288758957404
2025-12-06 01:00:00,51.69300572295931
2025-12-06 02:00:00,41.833528479930386
2025-12-06 03:00:00,44.5030727748172
2025-12-06 04:00:00,50.967708487010036
2025-12-06 05:00:00,62.66932752080536
2025-12-06 06:00:00,57.25533049719202
2025-12-06 07:00:00,58.57577720145607
2025-12-06 08:00:00,47.37984733264243
2025-12-06 09:00:00,45.004694664994474
2025-12-06 10:00:00,48.66340059644306
2025-12-06 11:00:00,50.007191807659304
2025-12-06 12:00:00,53.74181340311252
2025-12-06 13:00:00,49.53037834535456
2025-12-06 14:00:00,38.91938369784065
2025-12-06 15:00:00,35.66001884242913
2025-12-06 16:00:00,38.02836693588429
2025-12-06 17:00:00,42.27659261071859
2025-12-06 18:00:00,36.74522260621958
2025-12-06 19:00:00,34.067976273269764
2025-12-06 20:00:00,42.88960885989398
2025-12-06 21:00:00,37.3536134050783
2025-12-06 22:00:00,44.02592451752331
2025-12-06 23:00:00,43.83276770329313
2025-12-07 00:00:00,48.55311531336233
2025-12-07 01:00:00,47.01412013575917
2025-12-07 02:00:00,47.151046130246755
2025-12-07 03:00:00,53.260895680555535
2025-12-07 04:00:00,50.439698185044755
2025-12-07 05:00:00,48.15250437745257
2025-12-07 06:00:00,51.871041106506084
2025-12-07 07:00:00,57.38022091006053
2025-12-07 08:00:00,45.181372248594016
2025-12-07 09:00:00,50.55796260612271
2025-12-07 10:00:00,44.39298835437833
2025-12-07 11:00:00,48.379090496318305
2025-12-07 12:00:00,37.36521356500768
2025-12-07 13:00:00,50.32225391262251
2025-12-07 14:00:00,35.05756246036086
2025-12-07 15:00:00,39.11985779208177
2025-12-07 16:00:00,39.74303371509188
2025-12-07 17:00:00,40.86088500369101
2025-12-07 18:00:00,36.69630240817494
2025-12-07 19:00:00,27.138313545695162
2025-12-07 20:00:00,43.73631289800234
2025-12-07 21:00:00,45.55390044647579
2025-12-07 22:00:00,41.62615446838883
2025-12-07 23:00:00,56.06299300285342
2025-12-08 00:00:00,43.66751398300754
2025-12-08 01:00:00,40.04097615589145
2025-12-08 02:00:00,42.866516560144525
2025-12-08 03:00:00,46.518539589399644
2025-12-08 04:00:00,44.932908932794064
2025-12-08 05:00:00,45.99127736851224
2025-12-08 06:00:00,40.242114950280616
2025-12-08 07:00:00,46.39941447002539
2025-12-08 08:00:00,54.72744849176169
2025-12-08 09:00:00,47.725805856736386
2025-12-08 10:00:00,53.941942464392575
2025-12-08 11:00:00,45.9078156171178
2025-12-08 12:00:00,29.260446271598973
2025-12-08 13:00:00,35.96533008310218
2025-12-08 14:00:00,37.53444441751604
2025-12-08 15:00:00,32.29307714559966
2025-12-08 16:00:00,25.588962745205254
2025-12-08 17:00:00,24.89599597585459
2025-12-08 18:00:00,39.446936009778526
2025-12-08 19:00:00,28.160662585994086
2025-12-08 20:00:00,35.52960076571425
2025-12-08 21:00:00,33.544690053249234
2025-12-08 22:00:00,41.63798737957769
2025-12-08 23:00:00,39.84525917574573
2025-12-09 00:00:00,49.218706721134765
2025-12-09 01:00:00,47.36643912637285
2025-12-09 02:00:00,43.00846545435761
2025-12-09 03:00:00,48.82635491714832
2025-12-09 04:00:00,48.198262087733944
2025-12-09 05:00:00,52.13105118302394
2025-12-09 06:00:00,55.99859446267295
2025-12-09 07:00:00,58.543243902703544
2025-12-09 08:00:00,45.872434343088656
2025-12-09 09:00:00,44.11896585384599
2025-12-09 10:00:00,42.93267002423774
2025-12-09 11:00:00,45.29311774717575
2025-12-09 12:00:00,28.199334967015933
2025-12-09 13:00:00,35.1881869855066
2025-12-09 14:00:00,28.34891529548983
2025-12-09 15:00:00,27.881196609153466
2025-12-09 16:00:00,40.68741419242832
2025-12-09 17:00:00,31.516707339094733
2025-12-09 18:00:00,30.709857893788882
2025-12-09 19:00:00,31.285368922071985
2025-12-09 20:00:00,32.3602586758888
2025-12-09 21:00:00,40.06914854498352
2025-12-09 22:00:00,33.04021557940508
2025-12-09 23:00:00,39.75706896586677
2025-12-10 00:00:00,49.730160655302356
2025-12-10 01:00:00,44.39014835134282
2025-12-10 02:00:00,44.909646786535575
2025-12-10 03:00:00,38.47293597483119
2025-12-10 04:00:00,52.64816860613401
2025-12-10 05:00:00,47.89016129986984
2025-12-10 06:00:00,50.99821143402945
2025-12-10 07:00:00,40.04357823178749
2025-12-10 08:00:00,50.19755177857715
2025-12-10 09:00:00,44.544049174091576
2025-12-10 10:00:00,48.45304259657608
2025-12-10 11:00:00,45.14194419408394
2025-12-10 12:00:00,42.061090966394744
2025-12-10 13:00:00,40.72126048668916
2025-12-10 14:00:00,28.75767110193158
2025-12-10 15:00:00,30.42757231771216
2025-12-10 16:00:00,32.651381404373225
2025-12-10 17:00:00,25.643009385500175
2025-12-10 18:00:00,33.59415200045543
2025-12-10 19:00:00,31.714386137610877
2025-12-10 20:00:00,27.62716637449139
2025-12-10 21:00:00,29.206587290182682
2025-12-10 22:00:00,28.481201472888124
2025-12-10 23:00:00,29.271883564644767
2025-12-11 00:00:00,40.62923713944127
2025-12-11 01:00:00,48.351424675940265
2025-12-11 02:00:00,45.96881096316697
2025-12-11 03:00:00,45.81961656592335
2025-12-11 04:00:00,41.43532428537628
2025-12-11 05:00:00,51.385458677972295
2025-12-11 06:00:00,47.69075955680203
2025-12-11 07:00:00,42.259025862373214
2025-12-11 08:00:00,52.916552121981596
2025-12-11 09:00:00,54.69647446586275
2025-12-11 10:00:00,49.030098591243046
2025-12-11 11:00:00,51.81986405299119
2025-12-11 12:00:00,43.48582469513487
2025-12-11 13:00:00,35.553905272767935
2025-12-11 14:00:00,40.52465100339852
2025-12-11 15:00:00,25.313265498206007
2025-12-11 16:00:00,37.01659471308015
2025-12-11 17:00:00,31.303719816659353
2025-12-11 18:00:00,32.24637373298526
2025-12-11 19:00:00,31.088642620734174
2025-12-11 20:00:00,23.610748294469772
2025-12-11 21:00:00,32.75689198004407
2025-12-11 22:00:00,35.61724243283518
2025-12-11 23:00:00,32.566743148388674
2025-12-12 00:00:00,40.21652508419657
2025-12-12 01:00:00,35.70324667693925
2025-12-12 02:00:00,46.221032218257164
2025-12-12 03:00:00,44.83544415774722
2025-12-12 04:00:00,46.004173569236215
2025-12-12 05:00:00,51.1938231175767
2025-12-12 06:00:00,50.98970460354822
2025-12-12 07:00:00,47.72821445535923
2025-12-12 08:00:00,59.523145979820114
2025-12-12 09:00:00,44.48728179735102
2025-12-12 10:00:00,55.26931608914032
2025-12-12 11:00:00,49.97407011331744
